tracked_object_id,detected_object_id,position_cost,bbox_area_cost,shape_cost,feature_cost,class_cost,total_cost
0,0,80.05,0.91,0.3,0.17,100.0,148.41
0,1,108.91,0.93,0.25,0.17,100.0,165.72
0,2,25.55,0.17,0.31,0.28,100.0,115.5
0,3,16.49,0.28,0.33,0.23,100.0,110.1
0,4,32.56,0.54,0.4,0.24,100.0,119.84
0,5,55.58,0.56,0.38,1.0,100.0,133.73
0,6,3.0,0.03,0.02,0.1,0.0,1.83
1,0,79.18,0.96,0.08,0.38,0.0,47.86
1,1,139.63,0.97,0.14,0.34,0.0,84.14
1,2,77.16,0.47,0.07,0.35,0.0,46.49
1,3,39.2,0.38,0.05,0.35,0.0,23.69
1,4,23.09,0.04,0.01,0.42,0.0,13.91
1,5,0.0,0.0,0.0,1.0,0.0,0.1
1,6,58.55,0.57,0.41,0.33,100.0,135.46
2,0,74.06,0.94,0.05,0.18,0.0,44.75
2,1,114.02,0.95,0.1,0.13,0.0,68.74
2,2,38.08,0.18,0.04,0.13,0.0,22.93
2,3,1.0,0.06,0.02,0.25,0.0,0.65
2,4,17.12,0.32,0.04,0.14,0.0,10.39
2,5,40.2,0.35,0.03,1.0,0.0,24.33
2,6,18.44,0.34,0.37,0.18,100.0,111.3
3,0,73.55,0.95,0.08,0.22,0.0,44.46
3,1,124.45,0.96,0.13,0.17,0.0,75.02
3,2,55.44,0.4,0.07,0.15,0.0,33.42
3,3,17.12,0.31,0.04,0.3,0.0,10.41
3,4,1.0,0.07,0.02,0.16,0.0,0.64
3,5,22.09,0.11,0.01,1.0,0.0,13.39
3,6,36.5,0.52,0.4,0.24,100.0,122.2
4,0,86.49,0.3,0.1,0.03,0.0,52.02
4,1,12.0,0.09,0.05,0.0,0.0,7.24
4,2,92.66,0.95,0.11,0.11,0.0,55.93
4,3,122.43,0.95,0.14,0.15,0.0,73.8
4,4,132.46,0.97,0.2,0.11,0.0,79.84
4,5,149.26,0.97,0.19,1.0,0.0,90.01
4,6,113.72,0.93,0.22,0.07,100.0,168.58
5,0,12.04,0.1,0.05,0.01,0.0,7.27
5,1,63.32,0.15,0.0,0.01,0.0,38.04
5,2,69.86,0.93,0.06,0.15,0.0,42.23
5,3,73.68,0.94,0.09,0.16,0.0,44.53
5,4,75.61,0.96,0.15,0.1,0.0,45.71
5,5,84.63,0.96,0.14,1.0,0.0,51.21
5,6,77.52,0.91,0.27,0.07,100.0,146.88
6,0,77.7,0.93,0.04,0.18,0.0,46.93
6,1,88.02,0.95,0.09,0.12,0.0,53.14
6,2,1.41,0.12,0.03,0.05,0.0,0.9
6,3,39.81,0.02,0.01,0.24,0.0,23.92
6,4,55.33,0.37,0.06,0.16,0.0,33.34
6,5,78.1,0.4,0.04,1.0,0.0,47.09
6,6,23.32,0.29,0.36,0.19,100.0,114.21
0,0,55.58,0.54,0.38,1.0,100.0,133.72
0,1,5.0,0.06,0.04,0.04,0.0,3.04
0,2,16.49,0.38,0.39,0.22,100.0,110.15
0,3,34.53,0.62,0.46,0.15,100.0,121.05
0,4,103.08,0.93,0.28,0.08,100.0,162.22
0,5,84.5,0.91,0.32,0.1,100.0,151.08
0,6,24.7,0.14,0.32,0.09,100.0,114.97
1,0,0.0,0.07,0.02,1.0,0.0,0.13
1,1,60.53,0.6,0.45,1.0,100.0,136.73
1,2,39.2,0.31,0.01,1.0,0.0,23.72
1,3,21.1,0.12,0.05,1.0,0.0,12.81
1,4,128.82,0.97,0.13,1.0,0.0,77.72
1,5,75.27,0.96,0.09,1.0,0.0,45.58
1,6,76.16,0.5,0.09,1.0,0.0,45.97
2,0,40.2,0.34,0.03,1.0,0.0,24.33
2,1,20.4,0.35,0.4,0.14,100.0,112.48
2,2,1.0,0.11,0.04,0.27,0.0,0.67
2,3,19.1,0.46,0.1,0.23,0.0,11.65
2,4,106.33,0.95,0.08,0.16,0.0,64.12
2,5,76.49,0.94,0.04,0.18,0.0,46.2
2,6,37.11,0.19,0.04,0.19,0.0,22.35
3,0,22.09,0.03,0.03,1.0,0.0,13.37
3,1,38.47,0.58,0.46,0.16,100.0,123.41
3,2,17.12,0.28,0.03,0.3,0.0,10.39
3,3,1.0,0.15,0.04,0.2,0.0,0.68
3,4,115.11,0.97,0.14,0.11,0.0,69.41
3,5,73.06,0.96,0.1,0.12,0.0,44.17
3,6,54.45,0.48,0.1,0.14,0.0,32.86
4,0,149.26,0.97,0.11,1.0,0.0,89.98
4,1,112.61,0.92,0.32,0.07,100.0,167.94
4,2,122.43,0.95,0.12,0.24,0.0,73.8
4,3,133.96,0.97,0.19,0.17,0.0,80.74
4,4,27.02,0.01,0.01,0.0,0.0,16.22
4,5,98.15,0.2,0.04,0.02,0.0,58.97
4,6,93.15,0.94,0.05,0.06,0.0,56.19
5,0,84.63,0.96,0.06,1.0,0.0,51.18
5,1,77.78,0.9,0.37,0.1,100.0,147.06
5,2,73.68,0.94,0.07,0.26,0.0,44.54
5,3,76.32,0.96,0.14,0.18,0.0,46.14
5,4,49.4,0.24,0.05,0.01,0.0,29.73
5,5,24.08,0.04,0.01,0.01,0.0,14.46
5,6,69.46,0.92,0.0,0.12,0.0,41.96
6,0,78.1,0.42,0.05,1.0,0.0,47.1
6,1,21.63,0.25,0.38,0.11,100.0,113.18
6,2,39.81,0.23,0.06,0.32,0.0,24.01
6,3,57.31,0.53,0.13,0.27,0.0,34.61
6,4,84.72,0.94,0.05,0.14,0.0,51.15
6,5,85.43,0.93,0.02,0.19,0.0,51.56
6,6,2.24,0.06,0.01,0.04,0.0,1.37
0,0,91.24,0.9,0.35,0.1,100.0,155.13
0,1,98.23,0.92,0.33,0.07,100.0,159.32
0,2,23.02,0.19,0.36,0.14,100.0,113.99
0,3,14.56,0.43,0.47,0.2,100.0,109.03
0,4,36.5,0.7,0.55,1.0,100.0,122.37
0,5,54.59,0.6,0.45,0.17,100.0,133.08
0,6,7.0,0.02,0.02,0.06,0.0,4.22
1,0,74.15,0.96,0.07,1.0,0.0,44.9
1,1,118.19,0.97,0.1,1.0,0.0,71.34
1,2,74.17,0.46,0.06,1.0,0.0,44.76
1,3,41.19,0.23,0.04,1.0,0.0,24.9
1,4,19.1,0.32,0.12,1.0,0.0,11.69
1,5,1.0,0.07,0.02,1.0,0.0,0.73
1,6,62.51,0.58,0.41,1.0,100.0,137.91
2,0,81.6,0.94,0.08,0.25,0.0,49.29
2,1,99.4,0.96,0.11,0.24,0.0,59.99
2,2,35.17,0.28,0.07,0.3,0.0,21.24
2,3,1.0,0.03,0.03,0.26,0.0,0.64
2,4,21.1,0.49,0.11,1.0,0.0,12.94
2,5,39.2,0.31,0.01,0.29,0.0,23.65
2,6,22.36,0.43,0.42,0.22,100.0,113.69
3,0,75.54,0.97,0.15,0.17,0.0,45.67
3,1,106.23,0.97,0.18,0.14,0.0,64.1
3,2,52.47,0.56,0.14,0.27,0.0,31.72
3,3,19.1,0.37,0.04,0.22,0.0,11.61
3,4,3.0,0.16,0.05,1.0,0.0,1.96
3,5,21.1,0.12,0.05,0.29,0.0,12.74
3,6,40.45,0.65,0.49,0.19,100.0,124.63
4,0,109.77,0.19,0.03,0.01,0.0,65.93
4,1,42.01,0.01,0.0,0.01,0.0,25.21
4,2,94.15,0.94,0.04,0.08,0.0,56.8
4,3,121.08,0.96,0.14,0.26,0.0,73.01
4,4,135.47,0.98,0.23,1.0,0.0,81.75
4,5,148.45,0.97,0.13,0.12,0.0,89.41
4,6,111.52,0.92,0.31,0.05,100.0,167.28
5,0,36.22,0.04,0.01,0.0,0.0,21.75
5,1,35.85,0.22,0.04,0.01,0.0,21.59
5,2,68.71,0.92,0.0,0.11,0.0,41.51
5,3,73.44,0.94,0.11,0.31,0.0,44.41
5,4,77.08,0.97,0.19,1.0,0.0,46.69
5,5,84.05,0.96,0.09,0.15,0.0,50.76
5,6,78.09,0.9,0.34,0.07,100.0,147.23
6,0,94.79,0.92,0.01,0.11,0.0,57.17
6,1,83.02,0.94,0.04,0.07,0.0,50.12
6,2,4.12,0.0,0.0,0.07,0.0,2.48
6,3,37.85,0.3,0.1,0.2,0.0,22.85
6,4,59.3,0.63,0.18,1.0,0.0,35.93
6,5,77.1,0.5,0.09,0.1,0.0,46.45
6,6,20.0,0.21,0.35,0.09,100.0,112.18
0,0,11.7,0.45,0.45,0.2,100.0,107.31
0,1,9.0,0.03,0.02,0.06,0.0,5.42
0,2,57.56,0.58,0.41,0.14,100.0,134.85
0,3,35.51,0.61,0.47,0.27,100.0,121.66
0,4,99.85,0.93,0.27,0.06,100.0,160.27
0,5,96.9,0.91,0.33,0.06,100.0,158.52
0,6,22.8,0.25,0.37,0.22,100.0,113.89
1,0,44.18,0.29,0.01,0.26,0.0,26.63
1,1,64.5,0.62,0.46,0.14,100.0,139.04
1,2,2.0,0.07,0.02,0.2,0.0,1.25
1,3,20.1,0.02,0.04,0.45,0.0,12.12
1,4,113.6,0.97,0.17,0.12,0.0,68.52
1,5,75.17,0.96,0.1,0.12,0.0,45.43
1,6,73.25,0.48,0.07,0.26,0.0,44.14
2,0,4.0,0.0,0.0,0.07,0.0,2.41
2,1,24.33,0.46,0.47,0.23,100.0,114.9
2,2,42.19,0.23,0.04,0.22,0.0,25.42
2,3,20.1,0.3,0.02,0.42,0.0,12.2
2,4,99.04,0.96,0.18,0.26,0.0,59.79
2,5,86.41,0.95,0.12,0.28,0.0,52.19
2,6,34.48,0.26,0.08,0.39,0.0,20.83
3,0,22.09,0.48,0.08,1.0,0.0,13.52
3,1,42.43,0.72,0.56,1.0,100.0,125.94
3,2,24.08,0.32,0.12,1.0,0.0,14.68
3,3,2.0,0.25,0.06,1.0,0.0,1.39
3,4,103.75,0.98,0.27,1.0,0.0,62.73
3,5,78.85,0.97,0.2,1.0,0.0,47.76
3,6,51.62,0.61,0.17,1.0,0.0,31.31
4,0,119.1,0.96,0.14,0.2,0.0,71.81
4,1,110.45,0.92,0.33,0.09,100.0,166.66
4,2,150.9,0.97,0.1,0.09,0.0,90.87
4,3,134.71,0.97,0.16,0.29,0.0,81.2
4,4,54.23,0.11,0.04,0.0,0.0,32.58
4,5,117.52,0.16,0.02,0.01,0.0,70.57
4,6,93.81,0.94,0.06,0.22,0.0,56.61
5,0,73.17,0.95,0.11,0.26,0.0,44.25
5,1,78.45,0.9,0.36,0.11,100.0,147.46
5,2,85.8,0.96,0.07,0.11,0.0,51.8
5,3,76.69,0.96,0.13,0.28,0.0,46.37
5,4,29.07,0.28,0.07,0.01,0.0,17.55
5,5,44.41,0.04,0.0,0.0,0.0,26.66
5,6,67.42,0.93,0.03,0.23,0.0,40.76
6,0,34.93,0.3,0.1,0.24,0.0,21.1
6,1,18.44,0.23,0.37,0.09,100.0,111.25
6,2,80.1,0.46,0.06,0.19,0.0,48.24
6,3,58.31,0.51,0.12,0.39,0.0,35.21
6,4,87.57,0.94,0.08,0.09,0.0,52.86
6,5,101.83,0.93,0.02,0.09,0.0,61.39
6,6,5.39,0.05,0.02,0.22,0.0,3.27
0,0,59.54,0.6,0.47,0.4,100.0,136.08
0,1,102.08,0.9,0.36,0.1,100.0,161.64
0,2,101.0,0.93,0.23,0.11,100.0,160.96
0,3,22.8,0.31,0.41,0.1,100.0,113.91
0,4,8.06,0.46,0.47,0.08,100.0,105.13
0,5,32.56,0.53,0.43,0.17,100.0,119.84
0,6,13.0,0.05,0.01,0.08,0.0,7.82
1,0,4.0,0.03,0.03,0.41,0.0,2.46
1,1,76.06,0.96,0.08,0.11,0.0,45.96
1,2,108.05,0.97,0.21,0.11,0.0,65.19
1,3,73.25,0.41,0.03,0.18,0.0,44.1
1,4,48.17,0.23,0.04,0.14,0.0,29.0
1,5,23.09,0.12,0.0,0.15,0.0,13.9
1,6,68.47,0.61,0.44,0.17,100.0,141.41
2,0,44.18,0.26,0.0,0.36,0.0,26.62
2,1,90.82,0.95,0.11,0.25,0.0,54.84
2,2,98.15,0.96,0.24,0.25,0.0,59.28
2,3,34.48,0.22,0.07,0.19,0.0,20.8
2,4,8.0,0.0,0.0,0.19,0.0,4.82
2,5,17.12,0.12,0.04,0.16,0.0,10.34
2,6,28.28,0.49,0.48,0.14,100.0,117.27
3,0,26.08,0.06,0.03,0.54,0.0,15.73
3,1,81.91,0.96,0.14,0.29,0.0,49.5
3,2,100.57,0.98,0.27,0.28,0.0,60.74
3,3,51.62,0.46,0.09,0.42,0.0,31.18
3,4,26.08,0.3,0.02,0.32,0.0,15.77
3,5,1.0,0.2,0.06,0.29,0.0,0.71
3,6,46.39,0.64,0.5,0.38,100.0,128.21
4,0,152.55,0.97,0.18,0.42,0.0,91.92
4,1,125.4,0.25,0.07,0.01,0.0,75.34
4,2,67.36,0.08,0.06,0.01,0.0,40.46
4,3,93.81,0.95,0.12,0.11,0.0,56.62
4,4,116.52,0.96,0.18,0.09,0.0,70.26
4,5,132.46,0.97,0.15,0.18,0.0,79.83
4,6,108.41,0.92,0.29,0.1,100.0,165.42
5,0,87.01,0.96,0.11,0.43,0.0,52.57
5,1,52.47,0.0,0.0,0.01,0.0,31.48
5,2,24.74,0.31,0.13,0.01,0.0,14.98
5,3,67.42,0.93,0.05,0.11,0.0,40.76
5,4,73.01,0.95,0.12,0.09,0.0,44.13
5,5,75.61,0.95,0.08,0.18,0.0,45.69
5,6,79.31,0.9,0.36,0.11,100.0,147.97
6,0,82.1,0.45,0.08,0.57,0.0,49.48
6,1,108.37,0.93,0.03,0.22,0.0,65.34
6,2,91.92,0.95,0.16,0.23,0.0,55.51
6,3,5.39,0.05,0.02,0.23,0.0,3.27
6,4,31.05,0.26,0.08,0.22,0.0,18.75
6,5,55.33,0.36,0.04,0.33,0.0,33.35
6,6,15.62,0.31,0.39,0.22,100.0,109.6
0,0,32.56,0.49,0.4,0.1,100.0,119.81
0,1,57.56,0.62,0.47,0.37,100.0,134.9
0,2,10.77,0.45,0.46,0.18,100.0,106.75
0,3,16.03,0.0,0.0,0.06,0.0,9.63
0,4,100.98,0.92,0.32,0.11,100.0,160.97
0,5,113.36,0.88,0.42,0.13,100.0,168.42
0,6,21.93,0.33,0.42,0.1,100.0,113.39
1,0,23.09,0.25,0.08,0.38,0.0,13.99
1,1,2.0,0.0,0.0,0.56,0.0,1.26
1,2,45.18,0.32,0.01,0.33,0.0,27.24
1,3,71.34,0.62,0.47,0.37,100.0,143.17
1,4,100.72,0.97,0.15,0.43,0.0,60.81
1,5,79.56,0.96,0.05,0.43,0.0,48.08
1,6,71.34,0.43,0.06,0.33,0.0,42.99
2,0,17.12,0.01,0.08,0.11,0.0,10.31
2,1,42.19,0.26,0.0,0.32,0.0,25.42
2,2,5.0,0.08,0.01,0.22,0.0,3.05
2,3,31.14,0.49,0.48,0.1,100.0,118.99
2,4,96.01,0.96,0.16,0.09,0.0,57.95
2,5,100.8,0.94,0.06,0.1,0.0,60.79
2,6,32.89,0.24,0.06,0.12,0.0,19.84
3,0,1.0,0.12,0.04,0.17,0.0,0.66
3,1,24.08,0.15,0.04,0.37,0.0,14.54
3,2,23.09,0.19,0.03,0.23,0.0,13.94
3,3,49.25,0.55,0.44,0.15,100.0,129.87
3,4,95.9,0.96,0.12,0.18,0.0,57.88
3,5,89.47,0.95,0.02,0.2,0.0,53.99
3,6,49.82,0.33,0.02,0.1,0.0,30.01
4,0,132.46,0.96,0.16,0.09,0.0,79.82
4,1,150.9,0.97,0.24,0.25,0.0,90.93
4,2,118.44,0.96,0.23,0.23,0.0,71.45
4,3,106.07,0.93,0.23,0.13,100.0,164.0
4,4,81.22,0.16,0.09,0.0,0.0,48.81
4,5,142.28,0.4,0.19,0.01,0.0,85.55
4,6,94.03,0.95,0.18,0.16,0.0,56.78
5,0,75.61,0.95,0.03,0.09,0.0,45.67
5,1,85.8,0.96,0.11,0.25,0.0,51.83
5,2,73.11,0.94,0.1,0.22,0.0,44.2
5,3,79.12,0.9,0.36,0.13,100.0,147.86
5,4,24.35,0.18,0.04,0.01,0.0,14.68
5,5,69.46,0.13,0.06,0.0,0.0,41.73
5,6,65.79,0.93,0.05,0.14,0.0,39.78
6,0,55.33,0.23,0.01,0.13,0.0,33.28
6,1,80.1,0.42,0.06,0.43,0.0,48.25
6,2,33.96,0.16,0.05,0.29,0.0,20.47
6,3,13.04,0.34,0.41,0.11,100.0,108.06
6,4,95.46,0.95,0.09,0.11,0.0,57.6
6,5,122.2,0.92,0.01,0.14,0.0,73.61
6,6,7.62,0.02,0.01,0.15,0.0,4.59
0,0,124.48,0.86,0.47,0.15,100.0,175.1
0,1,102.36,0.9,0.41,0.13,100.0,161.82
0,2,277.95,0.83,0.39,0.08,100.0,267.15
0,3,19.1,0.28,0.41,0.08,100.0,111.68
0,4,12.65,0.38,0.43,0.11,100.0,107.84
0,5,33.73,0.45,0.38,0.14,100.0,120.51
0,6,56.57,0.65,0.49,0.35,100.0,134.32
0,7,19.1,0.0,0.0,0.07,0.0,11.47
1,0,85.49,0.95,0.0,0.22,0.0,51.6
1,1,95.51,0.96,0.06,0.2,0.0,57.63
1,2,330.13,0.94,0.08,0.27,0.0,198.41
1,3,68.26,0.47,0.07,0.37,0.0,41.16
1,4,43.19,0.39,0.04,0.39,0.0,26.08
1,5,22.02,0.31,0.09,0.29,0.0,13.36
1,6,1.0,0.08,0.02,0.17,0.0,0.65
1,7,74.24,0.62,0.47,0.38,100.0,144.91
2,0,111.13,0.92,0.01,0.24,0.0,66.98
2,1,95.63,0.94,0.05,0.2,0.0,57.7
2,2,291.67,0.91,0.07,0.18,0.0,175.31
2,3,29.73,0.23,0.06,0.22,0.0,17.95
2,4,3.0,0.11,0.04,0.16,0.0,1.86
2,5,18.25,0.01,0.08,0.2,0.0,11.0
2,6,41.19,0.37,0.03,0.4,0.0,24.88
2,7,34.06,0.45,0.46,0.17,100.0,120.73
3,0,98.23,0.93,0.07,0.09,0.0,59.25
3,1,93.26,0.95,0.01,0.08,0.0,56.25
3,2,308.88,0.92,0.0,0.06,0.0,185.61
3,3,46.69,0.29,0.01,0.14,0.0,28.12
3,4,21.1,0.19,0.03,0.12,0.0,12.73
3,5,1.0,0.07,0.01,0.1,0.0,0.64
3,6,23.09,0.31,0.1,0.27,0.0,14.0
3,7,52.15,0.49,0.4,0.1,100.0,131.57
4,0,157.2,0.4,0.15,0.01,0.0,94.49
4,1,93.13,0.2,0.09,0.01,0.0,55.97
4,2,204.92,0.5,0.07,0.02,0.0,123.13
4,3,96.52,0.94,0.08,0.11,0.0,58.23
4,4,119.75,0.95,0.11,0.13,0.0,72.18
4,5,132.55,0.95,0.06,0.13,0.0,79.85
4,6,150.08,0.97,0.17,0.33,0.0,90.43
4,7,103.77,0.92,0.32,0.1,100.0,162.64
5,0,84.48,0.16,0.05,0.01,0.0,50.75
5,1,29.73,0.11,0.01,0.02,0.0,17.88
5,2,276.22,0.3,0.03,0.04,0.0,165.83
5,3,65.8,0.92,0.01,0.13,0.0,39.77
5,4,73.25,0.93,0.01,0.15,0.0,44.24
5,5,75.03,0.94,0.03,0.16,0.0,45.32
5,6,85.21,0.96,0.08,0.32,0.0,51.47
5,7,79.06,0.88,0.42,0.14,100.0,147.84
6,0,135.07,0.91,0.05,0.17,0.0,81.35
6,1,99.85,0.93,0.01,0.16,0.0,60.21
6,2,252.83,0.89,0.02,0.11,0.0,151.99
6,3,10.2,0.07,0.01,0.06,0.0,6.15
6,4,35.9,0.07,0.01,0.13,0.0,21.58
6,5,56.22,0.18,0.03,0.18,0.0,33.82
6,6,79.1,0.48,0.08,0.3,0.0,47.66
6,7,10.77,0.33,0.42,0.11,100.0,106.7
0,0,22.2,0.02,0.02,0.04,0.0,13.34
0,1,58.55,0.53,0.41,0.19,100.0,135.43
0,2,34.71,0.45,0.38,0.22,100.0,121.1
0,3,10.77,0.41,0.45,0.15,100.0,106.73
0,4,266.31,0.85,0.35,0.05,100.0,260.15
0,5,108.69,0.92,0.32,0.12,100.0,165.6
0,6,137.91,0.9,0.39,0.14,100.0,183.14
0,7,18.44,0.35,0.44,0.08,100.0,111.31
1,0,77.16,0.66,0.48,0.34,100.0,146.67
1,1,3.0,0.25,0.08,0.27,0.0,1.93
1,2,21.02,0.36,0.11,0.23,0.0,12.78
1,3,45.18,0.41,0.05,0.36,0.0,27.28
1,4,318.33,0.95,0.15,0.35,0.0,191.36
1,5,90.35,0.97,0.17,0.32,0.0,54.59
1,6,94.58,0.96,0.11,0.31,0.0,57.1
1,7,67.27,0.46,0.06,0.33,0.0,40.55
2,0,37.01,0.39,0.41,0.12,100.0,122.46
2,1,43.19,0.25,0.02,0.24,0.0,26.02
2,2,19.24,0.12,0.04,0.2,0.0,11.61
2,3,5.0,0.06,0.02,0.11,0.0,3.03
2,4,279.95,0.91,0.08,0.08,0.0,168.28
2,5,99.3,0.95,0.11,0.17,0.0,59.91
2,6,123.91,0.94,0.04,0.19,0.0,74.66
2,7,28.79,0.03,0.01,0.1,0.0,17.3
3,0,55.08,0.46,0.37,0.1,100.0,133.31
3,1,25.08,0.15,0.03,0.22,0.0,15.12
3,2,1.41,0.0,0.0,0.18,0.0,0.87
3,3,23.09,0.07,0.06,0.15,0.0,13.91
3,4,297.12,0.92,0.04,0.11,0.0,178.57
3,5,93.06,0.96,0.06,0.13,0.0,56.15
3,6,109.71,0.94,0.0,0.15,0.0,66.13
3,7,45.71,0.15,0.05,0.18,0.0,27.5
4,0,101.52,0.89,0.4,0.1,100.0,161.31
4,1,151.73,0.95,0.0,0.12,0.0,91.33
4,2,133.3,0.94,0.03,0.2,0.0,80.29
4,3,118.44,0.94,0.04,0.18,0.0,71.38
4,4,193.04,0.29,0.06,0.05,0.0,115.94
4,5,114.07,0.22,0.09,0.01,0.0,68.54
4,6,174.14,0.01,0.02,0.01,0.0,104.5
4,7,97.08,0.93,0.03,0.13,0.0,58.55
5,0,79.12,0.86,0.46,0.11,100.0,147.88
5,1,86.4,0.94,0.06,0.12,0.0,52.15
5,2,75.39,0.92,0.09,0.22,0.0,45.56
5,3,73.11,0.92,0.03,0.19,0.0,44.17
5,4,264.23,0.05,0.12,0.05,0.0,158.59
5,5,46.07,0.42,0.15,0.0,0.0,27.81
5,6,101.49,0.25,0.08,0.01,0.0,61.0
5,7,65.52,0.91,0.03,0.15,0.0,39.61
6,0,9.06,0.3,0.39,0.08,100.0,105.65
6,1,81.1,0.35,0.01,0.17,0.0,48.78
6,2,57.22,0.24,0.02,0.19,0.0,34.43
6,3,33.96,0.18,0.04,0.16,0.0,20.46
6,4,241.12,0.9,0.06,0.07,0.0,144.97
6,5,110.89,0.94,0.08,0.13,0.0,66.85
6,6,150.08,0.93,0.02,0.16,0.0,90.35
6,7,11.18,0.1,0.03,0.05,0.0,6.75
7,0,255.88,0.83,0.38,0.05,100.0,253.89
7,1,333.09,0.92,0.02,0.13,0.0,200.15
7,2,309.67,0.91,0.01,0.2,0.0,186.1
7,3,286.78,0.9,0.05,0.14,0.0,172.37
7,4,12.0,0.12,0.05,0.01,0.0,7.25
7,5,318.61,0.52,0.07,0.04,0.0,191.35
7,6,377.58,0.37,0.0,0.06,0.0,226.67
7,7,263.19,0.89,0.05,0.07,0.0,158.2
0,0,153.45,0.91,0.3,0.13,100.0,192.44
0,1,117.89,0.93,0.23,0.09,100.0,171.09
0,2,254.7,0.87,0.3,0.04,100.0,253.17
0,3,17.8,0.37,0.42,0.06,100.0,110.93
0,4,11.18,0.46,0.45,0.16,100.0,107.0
0,5,34.71,0.45,0.38,0.19,100.0,121.1
0,6,60.53,0.45,0.34,0.13,100.0,136.57
0,7,25.32,0.03,0.02,0.06,0.0,15.21
1,0,107.06,0.96,0.1,0.13,0.0,64.56
1,1,89.81,0.97,0.16,0.12,0.0,54.24
1,2,306.54,0.94,0.1,0.16,0.0,184.25
1,3,66.27,0.28,0.03,0.18,0.0,39.87
1,4,45.1,0.16,0.05,0.17,0.0,27.14
1,5,21.02,0.16,0.02,0.21,0.0,12.69
1,6,5.0,0.18,0.05,0.16,0.0,3.08
1,7,80.1,0.56,0.42,0.12,100.0,148.36
2,0,139.01,0.95,0.14,0.2,0.0,83.75
2,1,106.55,0.96,0.2,0.17,0.0,64.3
2,2,268.26,0.92,0.13,0.13,0.0,161.29
2,3,27.86,0.09,0.01,0.08,0.0,16.75
2,4,5.1,0.06,0.02,0.13,0.0,3.1
2,5,19.24,0.05,0.05,0.24,0.0,11.6
2,6,45.18,0.04,0.09,0.17,0.0,27.16
2,7,40.0,0.44,0.45,0.13,100.0,124.28
3,0,123.91,0.95,0.07,0.24,0.0,74.68
3,1,97.14,0.96,0.14,0.22,0.0,58.64
3,2,285.38,0.93,0.07,0.21,0.0,171.55
3,3,44.72,0.15,0.05,0.28,0.0,26.92
3,4,23.02,0.01,0.08,0.15,0.0,13.86
3,5,1.41,0.02,0.01,0.12,0.0,0.87
3,6,27.07,0.03,0.03,0.16,0.0,16.28
3,7,58.03,0.48,0.39,0.17,100.0,135.1
4,0,192.07,0.05,0.01,0.01,0.0,115.26
4,1,134.03,0.17,0.08,0.0,0.0,80.49
4,2,181.18,0.38,0.01,0.08,0.0,108.83
4,3,97.65,0.95,0.12,0.16,0.0,58.93
4,4,117.69,0.96,0.14,0.19,0.0,70.96
4,5,133.3,0.96,0.07,0.19,0.0,80.31
4,6,153.38,0.95,0.03,0.14,0.0,92.34
4,7,99.32,0.92,0.33,0.04,100.0,159.97
5,0,119.6,0.19,0.08,0.01,0.0,71.84
5,1,64.2,0.36,0.14,0.01,0.0,38.67
5,2,252.24,0.2,0.08,0.11,0.0,151.44
5,3,65.25,0.93,0.05,0.18,0.0,39.46
5,4,72.11,0.94,0.07,0.21,0.0,43.59
5,5,75.39,0.94,0.0,0.21,0.0,45.54
5,6,87.62,0.94,0.03,0.16,0.0,52.88
5,7,79.31,0.89,0.39,0.05,100.0,147.98
6,0,166.83,0.95,0.13,0.16,0.0,100.44
6,1,123.79,0.96,0.19,0.13,0.0,74.63
6,2,229.44,0.92,0.13,0.05,0.0,137.99
6,3,12.17,0.0,0.0,0.11,0.0,7.31
6,4,33.73,0.14,0.02,0.14,0.0,20.3
6,5,57.22,0.14,0.05,0.19,0.0,34.41
6,6,83.1,0.12,0.08,0.14,0.0,49.93
6,7,8.25,0.39,0.44,0.1,100.0,105.21
7,0,395.67,0.42,0.04,0.06,0.0,237.54
7,1,338.42,0.54,0.1,0.04,0.0,203.25
7,2,24.0,0.11,0.04,0.01,0.0,14.44
7,3,264.17,0.91,0.09,0.11,0.0,158.81
7,4,286.57,0.92,0.12,0.14,0.0,172.26
7,5,309.67,0.92,0.04,0.2,0.0,186.11
7,6,335.06,0.92,0.01,0.12,0.0,201.32
7,7,252.72,0.85,0.35,0.05,100.0,252.0
0,0,33.73,0.5,0.42,0.21,100.0,120.54
0,1,61.52,0.49,0.38,0.27,100.0,137.2
0,2,27.29,0.06,0.04,0.04,0.0,16.41
0,3,10.3,0.47,0.47,0.15,100.0,106.47
0,4,125.1,0.93,0.25,0.04,100.0,175.42
0,5,283.78,0.92,0.17,0.04,100.0,270.6
0,6,246.02,0.86,0.35,0.05,100.0,247.98
0,7,153.22,0.91,0.35,0.05,100.0,192.31
0,8,16.64,0.35,0.43,0.07,100.0,110.23
1,0,22.02,0.07,0.05,0.17,0.0,13.27
1,1,6.0,0.05,0.02,0.28,0.0,3.65
1,2,82.1,0.43,0.32,0.11,100.0,149.49
1,3,46.1,0.02,0.11,0.17,0.0,27.71
1,4,92.18,0.96,0.11,0.14,0.0,55.64
1,5,336.04,0.96,0.19,0.1,0.0,201.98
1,6,297.7,0.92,0.02,0.11,0.0,178.92
1,7,107.17,0.95,0.01,0.16,0.0,64.61
1,8,64.28,0.17,0.07,0.13,0.0,38.65
2,0,18.25,0.05,0.05,0.22,0.0,11.0
2,1,46.17,0.03,0.09,0.22,0.0,27.76
2,2,42.0,0.44,0.43,0.14,100.0,125.47
2,3,6.08,0.0,0.0,0.2,0.0,3.67
2,4,112.89,0.96,0.21,0.19,0.0,68.11
2,5,297.53,0.96,0.3,0.13,0.0,178.91
2,6,259.51,0.92,0.12,0.13,0.0,156.04
2,7,138.84,0.95,0.12,0.22,0.0,83.65
2,8,26.0,0.19,0.04,0.15,0.0,15.68
3,0,1.0,0.06,0.02,0.18,0.0,0.64
3,1,28.07,0.04,0.01,0.24,0.0,16.88
3,2,60.03,0.44,0.36,0.14,100.0,136.27
3,3,24.02,0.01,0.07,0.16,0.0,14.45
3,4,101.97,0.96,0.14,0.19,0.0,61.53
3,5,314.77,0.96,0.23,0.16,0.0,189.24
3,6,276.59,0.92,0.05,0.18,0.0,166.26
3,7,123.84,0.95,0.05,0.21,0.0,74.63
3,8,42.76,0.18,0.03,0.15,0.0,25.73
4,0,132.55,0.96,0.16,0.25,0.0,79.89
4,1,154.21,0.96,0.13,0.34,0.0,92.89
4,2,98.49,0.93,0.21,0.07,100.0,159.44
4,3,117.03,0.96,0.22,0.16,0.0,70.59
4,4,146.03,0.0,0.0,0.0,0.0,87.62
4,5,210.87,0.11,0.08,0.02,0.0,126.58
4,6,172.29,0.51,0.09,0.04,0.0,103.56
4,7,191.04,0.25,0.1,0.02,0.0,114.73
4,8,98.81,0.95,0.18,0.11,0.0,59.64
5,0,75.03,0.96,0.1,0.27,0.0,45.36
5,1,88.24,0.95,0.07,0.36,0.0,53.29
5,2,80.11,0.92,0.27,0.1,100.0,148.43
5,3,72.06,0.95,0.15,0.17,0.0,43.59
5,4,75.69,0.22,0.06,0.01,0.0,45.5
5,5,282.21,0.11,0.15,0.04,0.0,169.41
5,6,243.25,0.38,0.03,0.07,0.0,146.08
5,7,118.71,0.05,0.03,0.01,0.0,71.26
5,8,64.76,0.94,0.11,0.15,0.0,39.19
6,0,56.22,0.18,0.03,0.3,0.0,33.83
6,1,84.1,0.17,0.06,0.31,0.0,50.56
6,2,8.94,0.35,0.4,0.11,100.0,105.6
6,3,32.76,0.14,0.02,0.24,0.0,19.73
6,4,132.77,0.96,0.19,0.14,0.0,80.02
6,5,258.7,0.95,0.28,0.12,0.0,155.6
6,6,220.71,0.91,0.1,0.1,0.0,132.74
6,7,166.41,0.94,0.09,0.17,0.0,100.18
6,8,14.14,0.05,0.02,0.05,0.0,8.51
7,0,308.69,0.93,0.1,0.19,0.0,185.54
7,1,336.04,0.93,0.07,0.28,0.0,201.95
7,2,250.78,0.87,0.28,0.05,100.0,250.82
7,3,285.59,0.93,0.15,0.15,0.0,171.69
7,4,350.37,0.49,0.06,0.07,0.0,210.4
7,5,6.0,0.42,0.15,0.02,0.0,3.77
7,6,33.0,0.04,0.03,0.01,0.0,19.82
7,7,394.73,0.32,0.03,0.12,0.0,236.95
7,8,266.13,0.91,0.11,0.08,0.0,159.99
0,0,61.52,0.52,0.38,0.37,100.0,137.22
0,1,33.96,0.49,0.4,0.24,100.0,120.66
0,2,9.43,0.43,0.43,0.11,100.0,105.93
0,3,16.16,0.26,0.38,0.06,100.0,109.89
0,4,30.15,0.07,0.08,0.04,0.0,18.14
0,5,238.6,0.86,0.33,0.06,100.0,243.52
0,6,132.28,0.93,0.23,0.08,100.0,179.72
0,7,155.43,0.9,0.35,0.07,100.0,193.64
0,8,250.84,0.89,0.31,0.05,100.0,250.87
1,0,6.0,0.11,0.04,0.16,0.0,3.66
1,1,22.0,0.06,0.06,0.29,0.0,13.26
1,2,47.1,0.05,0.09,0.3,0.0,28.33
1,3,61.4,0.26,0.03,0.27,0.0,36.96
1,4,85.15,0.42,0.27,0.31,100.0,151.32
1,5,290.06,0.92,0.01,0.29,0.0,174.35
1,6,95.08,0.96,0.11,0.36,0.0,57.41
1,7,109.22,0.95,0.01,0.35,0.0,65.86
1,8,302.61,0.94,0.04,0.27,0.0,181.89
2,0,46.17,0.14,0.05,0.39,0.0,27.8
2,1,18.44,0.09,0.03,0.22,0.0,11.12
2,2,7.07,0.02,0.0,0.12,0.0,4.26
2,3,23.71,0.24,0.05,0.18,0.0,14.33
2,4,45.01,0.4,0.35,0.19,100.0,127.25
2,5,252.0,0.92,0.09,0.16,0.0,151.52
2,6,119.33,0.96,0.2,0.18,0.0,71.97
2,7,141.03,0.95,0.08,0.17,0.0,84.94
2,8,264.37,0.94,0.12,0.16,0.0,158.96
3,0,28.07,0.1,0.01,0.38,0.0,16.91
3,1,2.0,0.04,0.03,0.12,0.0,1.23
3,2,25.02,0.07,0.06,0.13,0.0,15.06
3,3,40.02,0.28,0.0,0.22,0.0,24.12
3,4,63.07,0.43,0.3,0.21,100.0,138.08
3,5,269.01,0.92,0.04,0.2,0.0,161.71
3,6,107.07,0.96,0.15,0.27,0.0,64.6
3,7,125.99,0.95,0.02,0.26,0.0,75.91
3,8,281.47,0.94,0.07,0.21,0.0,169.21
5,0,88.24,0.97,0.17,0.41,0.0,53.33
5,1,74.09,0.97,0.19,0.29,0.0,44.83
5,2,72.03,0.96,0.22,0.13,0.0,43.58
5,3,63.15,0.95,0.16,0.09,0.0,38.23
5,4,82.29,0.94,0.14,0.08,100.0,149.71
5,5,235.21,0.55,0.12,0.07,0.0,141.33
5,6,87.1,0.02,0.02,0.0,0.0,52.27
5,7,120.81,0.31,0.14,0.01,0.0,72.62
5,8,248.24,0.38,0.09,0.06,0.0,149.09
6,0,84.1,0.3,0.0,0.35,0.0,50.58
6,1,56.14,0.26,0.01,0.25,0.0,33.79
6,2,31.78,0.17,0.05,0.11,0.0,19.14
6,3,17.26,0.07,0.01,0.03,0.0,10.38
6,4,11.4,0.26,0.31,0.08,100.0,107.02
6,5,213.22,0.9,0.05,0.08,0.0,128.22
6,6,141.61,0.95,0.16,0.12,0.0,85.31
6,7,168.65,0.93,0.03,0.11,0.0,101.49
6,8,225.56,0.93,0.08,0.08,0.0,135.65
7,0,336.04,0.96,0.26,0.35,0.0,202.03
7,1,308.5,0.96,0.27,0.24,0.0,185.5
7,2,284.61,0.96,0.31,0.1,0.0,171.16
7,3,268.88,0.95,0.25,0.06,0.0,161.69
7,4,248.13,0.93,0.05,0.07,100.0,249.18
7,5,41.01,0.48,0.21,0.02,0.0,24.82
7,6,362.24,0.1,0.1,0.03,0.0,217.41
7,7,396.79,0.22,0.23,0.03,0.0,238.21
7,8,28.0,0.29,0.18,0.01,0.0,16.94
8,0,303.59,0.94,0.08,0.4,0.0,182.5
8,1,276.16,0.93,0.1,0.24,0.0,166.03
8,2,252.48,0.92,0.13,0.1,0.0,151.81
8,3,236.56,0.9,0.07,0.04,0.0,142.23
8,4,216.37,0.87,0.23,0.06,100.0,230.16
8,5,8.06,0.07,0.03,0.0,0.0,4.87
8,6,329.37,0.5,0.08,0.05,0.0,197.8
8,7,363.86,0.29,0.05,0.05,0.0,218.42
8,8,5.0,0.22,0.0,0.0,0.0,3.07
9,0,103.41,0.96,0.07,0.42,0.0,62.4
9,1,122.49,0.96,0.09,0.33,0.0,73.84
9,2,143.81,0.95,0.12,0.15,0.0,86.62
9,3,150.08,0.94,0.07,0.13,0.0,90.36
9,4,176.88,0.92,0.23,0.1,100.0,206.48
9,5,353.75,0.39,0.03,0.12,0.0,212.39
9,6,33.54,0.24,0.08,0.02,0.0,20.22
9,7,2.24,0.08,0.04,0.01,0.0,1.38
9,8,366.79,0.16,0.0,0.1,0.0,220.13
0,0,32.14,0.06,0.04,0.03,0.0,19.32
0,1,62.65,0.47,0.31,0.27,100.0,137.85
0,2,33.96,0.45,0.32,0.21,100.0,120.63
0,3,9.43,0.35,0.34,0.13,100.0,105.88
0,4,15.81,0.24,0.32,0.1,100.0,109.66
0,5,224.24,0.87,0.25,0.07,100.0,234.89
0,6,141.53,0.93,0.22,0.09,100.0,185.27
0,7,173.95,0.91,0.3,0.09,100.0,204.74
0,8,238.05,0.9,0.26,0.06,100.0,243.18
1,0,87.14,0.45,0.27,0.36,100.0,152.54
1,1,7.07,0.02,0.01,0.1,0.0,4.26
1,2,22.0,0.06,0.02,0.39,0.0,13.26
1,3,47.1,0.2,0.03,0.35,0.0,28.36
1,4,60.41,0.32,0.02,0.46,0.0,36.39
1,5,275.39,0.93,0.06,0.41,0.0,165.58
1,6,100.72,0.96,0.09,0.43,0.0,60.79
1,7,125.26,0.95,0.01,0.43,0.0,75.48
1,8,289.66,0.95,0.05,0.41,0.0,174.14
2,0,47.01,0.35,0.32,0.11,100.0,128.42
2,1,47.27,0.14,0.04,0.24,0.0,28.44
2,2,18.44,0.1,0.03,0.17,0.0,11.12
2,3,7.07,0.06,0.02,0.09,0.0,4.27
2,4,22.83,0.2,0.04,0.14,0.0,13.78
2,5,237.51,0.92,0.11,0.11,0.0,142.83
2,6,128.0,0.96,0.14,0.14,0.0,77.15
2,7,159.2,0.94,0.06,0.14,0.0,95.84
2,8,251.51,0.94,0.1,0.1,0.0,151.23
3,0,65.07,0.41,0.28,0.21,100.0,139.27
3,1,29.15,0.04,0.01,0.28,0.0,17.54
3,2,2.0,0.0,0.0,0.08,0.0,1.21
3,3,25.02,0.16,0.01,0.25,0.0,15.09
3,4,39.05,0.28,0.0,0.31,0.0,23.55
3,5,254.42,0.93,0.08,0.25,0.0,152.98
3,6,114.63,0.96,0.11,0.32,0.0,69.13
3,7,143.41,0.95,0.03,0.31,0.0,86.37
3,8,268.56,0.94,0.07,0.25,0.0,161.47
5,0,83.19,0.94,0.11,0.09,100.0,150.24
5,1,88.09,0.97,0.16,0.25,0.0,53.22
5,2,74.09,0.97,0.17,0.26,0.0,44.82
5,3,72.03,0.96,0.19,0.15,0.0,43.58
5,4,62.97,0.95,0.17,0.09,0.0,38.13
5,5,220.23,0.51,0.09,0.05,0.0,132.32
5,6,99.82,0.13,0.06,0.0,0.0,59.95
5,7,141.9,0.31,0.15,0.01,0.0,85.28
5,8,235.31,0.39,0.1,0.05,0.0,141.34
6,0,12.73,0.16,0.26,0.08,100.0,107.77
6,1,85.05,0.33,0.01,0.27,0.0,51.16
6,2,56.14,0.31,0.03,0.25,0.0,33.81
6,3,31.78,0.18,0.04,0.15,0.0,19.15
6,4,18.25,0.03,0.02,0.05,0.0,10.97
6,5,198.76,0.9,0.05,0.05,0.0,119.55
6,6,152.27,0.94,0.08,0.11,0.0,91.68
6,7,188.31,0.93,0.0,0.11,0.0,113.28
6,8,212.71,0.92,0.04,0.04,0.0,127.92
7,0,246.2,0.91,0.19,0.08,100.0,248.06
7,1,336.86,0.95,0.08,0.27,0.0,202.45
7,2,308.5,0.95,0.1,0.22,0.0,185.44
7,3,284.61,0.94,0.11,0.12,0.0,171.09
7,4,269.86,0.93,0.09,0.04,0.0,162.23
7,5,56.01,0.23,0.02,0.0,0.0,33.68
7,6,375.2,0.27,0.01,0.07,0.0,225.21
7,7,417.87,0.08,0.07,0.05,0.0,250.77
7,8,41.01,0.04,0.03,0.01,0.0,24.63
8,0,214.46,0.87,0.22,0.09,100.0,229.01
8,1,304.38,0.93,0.05,0.3,0.0,182.96
8,2,276.16,0.93,0.07,0.22,0.0,166.02
8,3,252.48,0.91,0.08,0.12,0.0,151.8
8,4,237.54,0.9,0.06,0.04,0.0,142.82
8,5,23.02,0.05,0.01,0.0,0.0,13.83
8,6,342.32,0.47,0.04,0.08,0.0,205.55
8,7,384.95,0.33,0.04,0.06,0.0,231.08
8,8,8.06,0.24,0.0,0.01,0.0,4.91
9,0,178.62,0.92,0.24,0.08,100.0,207.53
9,1,102.0,0.95,0.04,0.24,0.0,61.52
9,2,122.49,0.95,0.05,0.25,0.0,73.82
9,3,143.81,0.94,0.06,0.14,0.0,86.6
9,4,149.22,0.93,0.04,0.08,0.0,89.83
9,5,338.78,0.3,0.03,0.05,0.0,203.37
9,6,20.88,0.2,0.06,0.01,0.0,12.61
9,7,23.19,0.02,0.02,0.01,0.0,13.93
9,8,353.88,0.13,0.02,0.05,0.0,212.38
0,0,33.96,0.45,0.3,0.11,100.0,120.61
0,1,35.23,0.08,0.03,0.04,0.0,21.17
0,2,63.64,0.52,0.31,0.27,100.0,138.46
0,3,8.94,0.29,0.3,0.15,100.0,105.56
0,4,149.94,0.92,0.25,0.08,100.0,190.32
0,5,225.86,0.9,0.25,0.07,100.0,235.87
0,6,211.24,0.89,0.2,0.08,100.0,227.08
0,7,15.52,0.23,0.3,0.09,100.0,109.48
0,8,193.38,0.91,0.27,0.12,100.0,216.4
1,0,22.0,0.02,0.03,0.22,0.0,13.24
1,1,90.09,0.48,0.3,0.25,100.0,154.31
1,2,8.06,0.14,0.03,0.25,0.0,4.92
1,3,47.17,0.2,0.03,0.27,0.0,28.4
1,4,106.25,0.96,0.02,0.24,0.0,64.07
1,5,277.14,0.94,0.03,0.26,0.0,166.6
1,6,261.96,0.94,0.08,0.26,0.0,157.51
1,7,59.41,0.27,0.02,0.28,0.0,35.77
1,8,142.8,0.95,0.0,0.26,0.0,85.99
2,0,18.44,0.21,0.0,0.1,0.0,11.14
2,1,50.0,0.36,0.33,0.14,100.0,130.22
2,2,48.26,0.3,0.01,0.35,0.0,29.08
2,3,7.0,0.02,0.0,0.12,0.0,4.22
2,4,135.95,0.94,0.05,0.13,0.0,81.88
2,5,239.18,0.93,0.05,0.11,0.0,143.81
2,6,224.32,0.92,0.1,0.12,0.0,134.91
2,7,21.95,0.1,0.0,0.17,0.0,13.22
2,8,178.37,0.94,0.02,0.15,0.0,107.33
3,0,2.0,0.06,0.02,0.16,0.0,1.24
3,1,68.03,0.46,0.31,0.2,100.0,141.07
3,2,30.15,0.18,0.02,0.24,0.0,18.17
3,3,25.08,0.17,0.02,0.22,0.0,15.13
3,4,121.7,0.95,0.03,0.24,0.0,73.34
3,5,256.13,0.94,0.04,0.21,0.0,153.99
3,6,241.11,0.93,0.09,0.22,0.0,144.99
3,7,38.08,0.24,0.01,0.24,0.0,22.95
3,8,161.99,0.95,0.01,0.27,0.0,97.51
5,0,74.09,0.96,0.13,0.17,0.0,44.8
5,1,83.73,0.93,0.2,0.1,100.0,150.58
5,2,88.73,0.97,0.13,0.28,0.0,53.6
5,3,73.03,0.95,0.13,0.09,0.0,44.15
5,4,111.46,0.16,0.07,0.01,0.0,66.95
5,5,222.27,0.33,0.07,0.07,0.0,133.49
5,6,206.2,0.42,0.02,0.06,0.0,123.85
5,7,62.8,0.95,0.12,0.08,0.0,38.01
5,8,163.88,0.23,0.1,0.01,0.0,98.43
6,0,56.14,0.33,0.02,0.12,0.0,33.8
6,1,14.42,0.25,0.31,0.11,100.0,108.83
6,2,86.05,0.41,0.03,0.36,0.0,51.8
6,3,32.02,0.13,0.02,0.15,0.0,19.27
6,4,161.9,0.93,0.03,0.08,0.0,97.43
6,5,200.41,0.92,0.04,0.04,0.0,120.54
6,6,185.65,0.91,0.08,0.04,0.0,111.69
6,7,19.24,0.05,0.02,0.05,0.0,11.57
6,8,208.78,0.93,0.01,0.1,0.0,125.56
7,0,308.5,0.95,0.09,0.09,0.0,185.42
7,1,243.04,0.9,0.24,0.06,100.0,246.17
7,2,337.84,0.95,0.09,0.31,0.0,203.05
7,3,284.83,0.93,0.09,0.12,0.0,171.22
7,4,387.09,0.16,0.03,0.04,0.0,232.32
7,5,54.0,0.05,0.03,0.0,0.0,32.43
7,6,70.03,0.17,0.02,0.0,0.0,42.07
7,7,270.84,0.93,0.08,0.04,0.0,162.81
7,8,439.89,0.09,0.06,0.07,0.0,263.99
8,0,276.16,0.93,0.1,0.1,0.0,166.02
8,1,211.3,0.87,0.23,0.07,100.0,227.12
8,2,305.37,0.94,0.1,0.32,0.0,183.57
8,3,252.72,0.92,0.1,0.13,0.0,151.95
8,4,354.19,0.33,0.04,0.05,0.0,212.63
8,5,21.0,0.15,0.04,0.0,0.0,12.66
8,6,37.05,0.03,0.01,0.0,0.0,22.25
8,7,238.52,0.91,0.09,0.04,0.0,143.41
8,8,406.96,0.27,0.07,0.07,0.0,244.29
9,0,122.49,0.95,0.05,0.16,0.0,73.81
9,1,180.77,0.91,0.29,0.11,100.0,208.83
9,2,101.4,0.96,0.05,0.29,0.0,61.17
9,3,144.4,0.94,0.05,0.09,0.0,86.95
9,4,9.43,0.06,0.01,0.01,0.0,5.68
9,5,340.85,0.16,0.01,0.06,0.0,204.56
9,6,324.75,0.26,0.06,0.05,0.0,194.95
9,7,148.35,0.93,0.04,0.08,0.0,89.31
9,8,45.18,0.03,0.02,0.01,0.0,27.12
0,0,62.8,0.55,0.34,0.23,100.0,137.97
0,1,33.24,0.5,0.33,1.0,100.0,120.29
0,2,7.21,0.39,0.35,0.11,100.0,104.56
0,3,16.12,0.24,0.31,0.09,100.0,109.85
0,4,38.21,0.06,0.04,0.03,0.0,22.96
0,5,199.67,0.86,0.26,0.07,100.0,220.15
0,6,157.61,0.93,0.19,0.12,100.0,194.91
0,7,200.41,0.91,0.28,0.13,100.0,220.62
0,8,224.61,0.89,0.29,0.06,100.0,235.13
1,0,7.28,0.02,0.01,0.36,0.0,4.41
1,1,23.02,0.12,0.0,1.0,0.0,13.95
1,2,49.16,0.27,0.01,0.24,0.0,29.61
1,3,57.56,0.42,0.02,0.27,0.0,34.69
1,4,93.09,0.58,0.37,0.24,100.0,156.16
1,5,249.82,0.94,0.07,0.3,0.0,150.22
1,6,112.45,0.97,0.15,0.28,0.0,67.83
1,7,149.26,0.96,0.05,0.28,0.0,89.89
1,8,275.95,0.95,0.05,0.31,0.0,165.9
2,0,47.38,0.3,0.01,0.32,0.0,28.55
2,1,17.72,0.22,0.0,1.0,0.0,10.8
2,2,9.0,0.06,0.02,0.16,0.0,5.44
2,3,20.81,0.15,0.02,0.14,0.0,12.55
2,4,53.0,0.39,0.37,0.13,100.0,132.04
2,5,212.51,0.91,0.07,0.12,0.0,127.81
2,6,143.4,0.95,0.15,0.1,0.0,86.38
2,7,185.32,0.94,0.05,0.09,0.0,111.5
2,8,237.95,0.93,0.04,0.13,0.0,143.08
3,0,29.27,0.1,0.01,0.28,0.0,17.63
3,1,3.16,0.0,0.0,1.0,0.0,2.0
3,2,27.07,0.17,0.02,0.09,0.0,16.31
3,3,36.4,0.34,0.02,0.1,0.0,21.96
3,4,71.03,0.53,0.37,0.07,100.0,142.89
3,5,229.12,0.93,0.07,0.1,0.0,137.78
3,6,128.7,0.96,0.15,0.19,0.0,77.57
3,7,168.76,0.96,0.05,0.19,0.0,101.58
3,8,254.92,0.94,0.04,0.11,0.0,153.26
5,0,87.32,0.96,0.06,0.29,0.0,52.73
5,1,72.8,0.96,0.05,1.0,0.0,44.08
5,2,73.0,0.95,0.07,0.1,0.0,44.12
5,3,61.52,0.93,0.04,0.08,0.0,37.21
5,4,85.23,0.91,0.32,0.09,100.0,151.52
5,5,193.13,0.36,0.02,0.03,0.0,115.99
5,6,120.51,0.2,0.09,0.01,0.0,72.39
5,7,171.84,0.0,0.0,0.01,0.0,103.11
5,8,221.33,0.22,0.01,0.03,0.0,132.87
6,0,85.02,0.36,0.02,0.26,0.0,51.15
6,1,55.08,0.29,0.01,1.0,0.0,33.24
6,2,30.08,0.14,0.02,0.12,0.0,18.11
6,3,21.38,0.07,0.01,0.08,0.0,12.86
6,4,17.0,0.33,0.36,0.11,100.0,110.42
6,5,173.95,0.9,0.06,0.04,0.0,104.67
6,6,170.18,0.95,0.14,0.09,0.0,102.44
6,7,216.16,0.94,0.05,0.09,0.0,130.0
6,8,199.18,0.92,0.04,0.03,0.0,119.8
7,0,336.69,0.95,0.07,0.24,0.0,202.34
7,1,307.33,0.94,0.06,1.0,0.0,184.8
7,2,282.88,0.93,0.08,0.07,0.0,170.04
7,3,272.62,0.92,0.04,0.05,0.0,163.87
7,4,240.14,0.88,0.31,0.07,100.0,244.45
7,5,83.1,0.19,0.01,0.01,0.0,49.92
7,6,396.14,0.36,0.09,0.08,0.0,237.83
7,7,447.88,0.21,0.01,0.08,0.0,268.8
7,8,55.01,0.01,0.01,0.01,0.0,33.02
8,0,304.2,0.94,0.12,0.26,0.0,182.86
8,1,274.97,0.94,0.11,1.0,0.0,165.4
8,2,250.78,0.92,0.12,0.08,0.0,150.79
8,3,240.26,0.9,0.09,0.06,0.0,144.46
8,4,208.43,0.87,0.26,0.08,100.0,225.41
8,5,50.16,0.08,0.04,0.0,0.0,30.13
8,6,363.24,0.44,0.04,0.07,0.0,218.09
8,7,414.95,0.31,0.05,0.07,0.0,249.08
8,8,22.02,0.11,0.06,0.01,0.0,13.27
9,0,101.21,0.96,0.04,0.32,0.0,61.06
9,1,122.58,0.95,0.03,1.0,0.0,73.94
9,2,146.01,0.94,0.05,0.13,0.0,87.92
9,3,146.12,0.93,0.01,0.11,0.0,87.97
9,4,183.41,0.9,0.34,0.14,100.0,210.43
9,5,311.64,0.3,0.04,0.05,0.0,187.09
9,6,6.08,0.26,0.12,0.01,0.0,3.76
9,7,53.15,0.08,0.02,0.01,0.0,31.92
9,8,339.92,0.15,0.01,0.06,0.0,204.01
0,0,41.19,0.05,0.01,0.03,0.0,24.74
0,1,61.81,0.61,0.4,0.29,100.0,137.42
0,2,33.24,0.53,0.37,1.0,100.0,120.31
0,3,5.0,0.45,0.41,0.13,100.0,103.27
0,4,16.0,0.27,0.36,0.08,100.0,109.8
0,5,187.0,0.84,0.34,0.07,100.0,212.56
0,6,165.42,0.94,0.13,0.12,100.0,199.59
0,7,205.73,0.91,0.3,0.12,100.0,223.81
0,8,225.57,0.88,0.35,0.08,100.0,235.72
1,0,96.08,0.6,0.39,0.28,100.0,157.97
1,1,6.32,0.07,0.02,0.52,0.0,3.87
1,2,23.02,0.1,0.01,1.0,0.0,13.95
1,3,52.15,0.22,0.03,0.28,0.0,31.4
1,4,55.58,0.42,0.02,0.23,0.0,33.5
1,5,236.54,0.93,0.04,0.25,0.0,142.24
1,6,119.0,0.97,0.25,0.32,0.0,71.8
1,7,154.21,0.96,0.08,0.31,0.0,92.87
1,8,276.93,0.95,0.03,0.24,0.0,166.48
2,0,56.0,0.46,0.4,0.1,100.0,133.87
2,1,46.39,0.31,0.01,0.27,0.0,27.96
2,2,17.72,0.17,0.02,1.0,0.0,10.79
2,3,12.0,0.05,0.02,0.03,0.0,7.22
2,4,19.21,0.21,0.03,0.06,0.0,11.6
2,5,199.58,0.91,0.05,0.07,0.0,120.04
2,6,151.03,0.96,0.26,0.13,0.0,91.0
2,7,190.59,0.95,0.09,0.12,0.0,114.68
2,8,238.92,0.93,0.04,0.08,0.0,143.65
3,0,74.03,0.55,0.38,1.0,100.0,144.79
3,1,28.28,0.17,0.03,1.0,0.0,17.13
3,2,3.16,0.0,0.0,1.0,0.0,2.0
3,3,30.07,0.13,0.04,1.0,0.0,18.19
3,4,34.48,0.35,0.01,1.0,0.0,20.9
3,5,216.01,0.92,0.04,1.0,0.0,130.0
3,6,135.95,0.97,0.24,1.0,0.0,82.03
3,7,173.91,0.96,0.07,1.0,0.0,104.75
3,8,255.89,0.94,0.02,1.0,0.0,153.93
5,0,86.82,0.92,0.23,0.09,100.0,152.45
5,1,86.68,0.97,0.17,0.36,0.0,52.39
5,2,72.8,0.96,0.15,1.0,0.0,44.11
5,3,73.06,0.96,0.18,0.16,0.0,44.2
5,4,61.29,0.95,0.13,0.14,0.0,37.11
5,5,179.1,0.53,0.11,0.07,0.0,107.66
5,6,129.55,0.17,0.1,0.0,0.0,77.81
5,7,177.81,0.14,0.07,0.01,0.0,106.75
5,8,222.32,0.39,0.12,0.08,0.0,133.56
6,0,19.7,0.32,0.36,0.09,100.0,112.03
6,1,84.02,0.45,0.05,0.36,0.0,50.6
6,2,55.08,0.34,0.02,1.0,0.0,33.26
6,3,27.2,0.24,0.06,0.09,0.0,16.42
6,4,23.35,0.02,0.0,0.04,0.0,14.02
6,5,161.19,0.89,0.02,0.04,0.0,96.99
6,6,178.53,0.96,0.22,0.11,0.0,107.49
6,7,221.72,0.94,0.05,0.1,0.0,133.34
6,8,200.14,0.91,0.0,0.04,0.0,120.37
7,0,237.24,0.88,0.33,0.06,100.0,242.72
7,1,335.7,0.95,0.07,0.31,0.0,201.76
7,2,307.33,0.94,0.04,1.0,0.0,184.8
7,3,279.95,0.94,0.08,0.12,0.0,168.29
7,4,274.59,0.91,0.03,0.07,0.0,165.04
7,5,97.13,0.26,0.01,0.01,0.0,58.36
7,6,405.19,0.48,0.2,0.06,0.0,243.32
7,7,453.86,0.27,0.03,0.04,0.0,272.41
7,8,54.01,0.03,0.02,0.01,0.0,32.42
8,0,205.57,0.85,0.31,0.06,100.0,223.7
8,1,303.22,0.94,0.1,0.31,0.0,182.27
8,2,274.97,0.93,0.07,1.0,0.0,165.38
8,3,247.88,0.92,0.11,0.11,0.0,149.05
8,4,242.22,0.89,0.06,0.06,0.0,145.62
8,5,64.2,0.09,0.04,0.01,0.0,38.55
8,6,372.29,0.57,0.17,0.06,0.0,223.6
8,7,420.93,0.4,0.0,0.04,0.0,252.69
8,8,21.02,0.16,0.05,0.01,0.0,12.68
9,0,186.07,0.9,0.33,0.09,100.0,212.02
9,1,101.83,0.96,0.08,0.34,0.0,61.44
9,2,122.58,0.96,0.05,1.0,0.0,73.95
9,3,148.45,0.95,0.09,0.15,0.0,89.4
9,4,144.4,0.93,0.04,0.14,0.0,86.95
9,5,297.61,0.42,0.02,0.07,0.0,178.7
9,6,12.21,0.33,0.19,0.0,0.0,7.48
9,7,59.14,0.06,0.02,0.01,0.0,35.51
9,8,340.92,0.24,0.03,0.09,0.0,204.64
0,0,33.96,0.48,0.35,0.09,100.0,120.63
0,1,45.28,0.04,0.05,0.04,0.0,27.2
0,2,63.79,0.56,0.37,0.27,100.0,138.58
0,3,16.12,0.24,0.33,0.08,100.0,109.85
0,4,8.94,0.3,0.34,0.1,100.0,105.57
0,5,174.54,0.88,0.22,0.05,100.0,205.06
0,6,175.01,0.93,0.17,0.07,100.0,205.34
0,7,219.66,0.92,0.28,0.07,100.0,232.16
0,8,227.11,0.87,0.37,0.05,100.0,236.64
1,0,22.0,0.28,0.06,0.35,0.0,13.34
1,1,100.04,0.64,0.46,0.24,100.0,160.38
1,2,8.25,0.15,0.03,0.35,0.0,5.04
1,3,53.6,0.51,0.07,0.33,0.0,32.37
1,4,47.17,0.47,0.07,0.36,0.0,28.5
1,5,223.37,0.96,0.19,0.31,0.0,134.39
1,6,127.28,0.97,0.24,0.34,0.0,76.76
1,7,167.22,0.97,0.13,0.32,0.0,100.69
1,8,278.33,0.95,0.04,0.31,0.0,167.32
2,0,18.44,0.0,0.07,0.13,0.0,11.1
2,1,60.01,0.5,0.47,0.11,100.0,136.31
2,2,48.37,0.15,0.04,0.3,0.0,29.11
2,3,17.69,0.32,0.08,0.12,0.0,10.75
2,4,7.0,0.26,0.08,0.13,0.0,4.31
2,5,186.82,0.94,0.2,0.09,0.0,112.44
2,6,160.42,0.96,0.25,0.14,0.0,96.63
2,7,204.39,0.96,0.14,0.13,0.0,122.98
2,8,240.4,0.93,0.05,0.12,0.0,144.55
3,0,2.0,0.13,0.03,1.0,0.0,1.35
3,1,78.01,0.57,0.43,1.0,100.0,147.2
3,2,30.27,0.02,0.01,1.0,0.0,18.27
3,3,32.57,0.41,0.04,1.0,0.0,19.78
3,4,25.08,0.36,0.04,1.0,0.0,15.27
3,5,203.03,0.95,0.16,1.0,0.0,122.25
3,6,144.94,0.97,0.21,1.0,0.0,87.42
3,7,187.42,0.96,0.1,1.0,0.0,112.87
3,8,257.33,0.94,0.01,1.0,0.0,154.79
5,0,74.09,0.97,0.21,0.2,0.0,44.83
5,1,88.23,0.93,0.19,0.13,100.0,153.29
5,2,87.97,0.97,0.24,0.38,0.0,53.18
5,3,61.13,0.95,0.2,0.12,0.0,37.03
5,4,73.03,0.95,0.2,0.11,0.0,44.17
5,5,165.08,0.45,0.08,0.06,0.0,99.21
5,6,140.58,0.08,0.04,0.0,0.0,84.38
5,7,193.66,0.23,0.15,0.01,0.0,116.31
5,8,223.22,0.5,0.23,0.07,0.0,134.16
6,0,56.14,0.25,0.02,0.11,0.0,33.78
6,1,23.09,0.34,0.42,0.07,100.0,114.09
6,2,86.02,0.36,0.01,0.28,0.0,51.75
6,3,25.32,0.1,0.03,0.04,0.0,15.23
6,4,32.02,0.02,0.03,0.08,0.0,19.23
6,5,148.65,0.92,0.15,0.05,0.0,89.51
6,6,188.73,0.95,0.19,0.12,0.0,113.6
6,7,236.32,0.94,0.08,0.11,0.0,142.11
6,8,201.65,0.91,0.0,0.06,0.0,121.27
7,0,308.5,0.93,0.01,0.14,0.0,185.4
7,1,233.12,0.87,0.41,0.06,100.0,240.26
7,2,337.68,0.94,0.02,0.35,0.0,202.93
7,3,276.56,0.9,0.02,0.03,0.0,166.21
7,4,284.83,0.91,0.02,0.04,0.0,171.18
7,5,111.16,0.07,0.14,0.01,0.0,66.76
7,6,416.23,0.44,0.18,0.07,0.0,249.93
7,7,469.78,0.34,0.07,0.06,0.0,282.0
7,8,53.01,0.02,0.01,0.0,0.0,31.82
8,0,276.16,0.91,0.0,0.12,0.0,165.98
8,1,201.46,0.83,0.4,0.05,100.0,221.25
8,2,305.18,0.93,0.03,0.32,0.0,183.43
8,3,244.17,0.87,0.01,0.03,0.0,146.77
8,4,252.72,0.88,0.0,0.04,0.0,151.9
8,5,78.23,0.29,0.13,0.01,0.0,47.06
8,6,383.34,0.57,0.17,0.06,0.0,230.23
8,7,436.84,0.5,0.06,0.04,0.0,262.27
8,8,20.02,0.22,0.03,0.01,0.0,12.09
9,0,122.49,0.95,0.04,0.18,0.0,73.81
9,1,189.17,0.91,0.36,0.11,100.0,213.89
9,2,100.6,0.96,0.07,0.36,0.0,60.71
9,3,142.69,0.93,0.03,0.11,0.0,85.91
9,4,144.4,0.94,0.03,0.1,0.0,86.94
9,5,283.57,0.24,0.09,0.05,0.0,170.25
9,6,22.47,0.22,0.13,0.01,0.0,13.59
9,7,75.06,0.07,0.02,0.0,0.0,45.07
9,8,341.77,0.3,0.06,0.06,0.0,205.18
0,0,64.78,0.55,0.41,0.35,100.0,139.19
0,1,48.26,0.07,0.03,0.04,0.0,28.99
0,2,36.14,0.46,0.39,0.13,100.0,121.95
0,3,9.43,0.3,0.37,0.1,100.0,105.87
0,4,16.49,0.26,0.39,0.08,100.0,110.1
0,5,636.13,0.95,0.05,0.17,100.0,482.0
0,6,229.61,0.87,0.42,0.05,100.0,238.16
0,7,160.55,0.9,0.16,0.05,100.0,196.65
0,8,188.48,0.92,0.26,0.11,100.0,213.45
0,9,233.33,0.92,0.32,0.1,100.0,240.38
1,0,9.22,0.06,0.02,0.51,0.0,5.61
1,1,103.04,0.61,0.45,0.26,100.0,162.17
1,2,20.02,0.21,0.04,0.26,0.0,12.12
1,3,47.1,0.39,0.06,0.35,0.0,28.43
1,4,51.62,0.42,0.04,0.33,0.0,31.15
1,5,580.56,0.98,0.37,0.38,0.0,348.78
1,6,280.71,0.94,0.0,0.32,0.0,168.74
1,7,208.73,0.96,0.27,0.33,0.0,125.64
1,8,139.05,0.97,0.17,0.38,0.0,83.81
1,9,180.29,0.96,0.1,0.39,0.0,108.54
2,0,49.37,0.33,0.01,0.29,0.0,29.75
2,1,63.01,0.37,0.42,0.09,100.0,138.05
2,2,20.62,0.2,0.01,0.15,0.0,12.45
2,3,7.07,0.03,0.02,0.07,0.0,4.27
2,4,16.28,0.08,0.01,0.06,0.0,9.8
2,5,620.71,0.96,0.34,0.17,0.0,372.83
2,6,242.86,0.91,0.03,0.04,0.0,146.0
2,7,172.54,0.93,0.24,0.04,0.0,103.88
2,8,173.64,0.95,0.13,0.1,0.0,104.52
2,9,218.0,0.94,0.07,0.09,0.0,131.11
3,0,31.26,0.09,0.01,0.35,0.0,18.82
3,1,81.01,0.54,0.42,0.1,100.0,148.9
3,2,3.61,0.07,0.01,0.11,0.0,2.2
3,3,25.02,0.28,0.03,0.15,0.0,15.12
3,4,30.68,0.32,0.01,0.13,0.0,18.52
3,5,602.61,0.97,0.34,0.23,0.0,361.98
3,6,259.76,0.93,0.02,0.13,0.0,156.15
3,7,188.56,0.95,0.24,0.13,0.0,113.51
3,8,157.63,0.96,0.14,0.18,0.0,94.93
3,9,200.82,0.96,0.08,0.18,0.0,120.82
5,0,88.62,0.97,0.18,0.41,0.0,53.56
5,1,90.0,0.92,0.25,0.09,100.0,154.36
5,2,73.93,0.96,0.16,0.17,0.0,44.71
5,3,72.03,0.95,0.15,0.11,0.0,43.56
5,4,61.03,0.95,0.16,0.11,0.0,36.96
5,5,623.26,0.29,0.17,0.05,0.0,374.1
5,6,225.14,0.45,0.2,0.05,0.0,135.29
5,7,150.12,0.24,0.07,0.07,0.0,90.17
5,8,156.42,0.07,0.04,0.0,0.0,93.88
5,9,208.61,0.13,0.1,0.01,0.0,125.24
6,0,87.02,0.38,0.02,0.3,0.0,52.36
6,1,25.96,0.32,0.41,0.07,100.0,115.8
6,2,58.08,0.27,0.0,0.13,0.0,34.94
6,3,31.78,0.05,0.02,0.07,0.0,19.09
6,4,27.29,0.0,0.0,0.05,0.0,16.38
6,5,657.26,0.96,0.33,0.16,0.0,394.76
6,6,204.12,0.9,0.04,0.03,0.0,122.76
6,7,134.62,0.93,0.23,0.03,0.0,81.12
6,8,203.11,0.94,0.13,0.1,0.0,122.19
6,9,250.46,0.94,0.06,0.09,0.0,150.59
7,0,338.66,0.94,0.14,0.35,0.0,203.56
7,1,230.23,0.87,0.3,0.05,100.0,238.49
7,2,310.28,0.93,0.12,0.12,0.0,186.5
7,3,284.61,0.91,0.1,0.05,0.0,171.08
7,4,278.52,0.91,0.12,0.04,0.0,167.43
7,5,899.47,0.57,0.22,0.12,0.0,539.93
7,6,51.09,0.08,0.15,0.01,0.0,30.72
7,7,126.1,0.21,0.11,0.0,0.0,75.76
7,8,432.19,0.36,0.01,0.05,0.0,259.43
7,9,484.75,0.31,0.05,0.05,0.0,290.97
8,0,306.16,0.94,0.02,0.34,0.0,184.02
8,1,198.6,0.85,0.45,0.05,100.0,219.56
8,2,277.91,0.93,0.03,0.13,0.0,167.05
8,3,252.48,0.91,0.05,0.07,0.0,151.78
8,4,246.13,0.9,0.03,0.05,0.0,147.97
8,5,866.49,0.61,0.37,0.13,0.0,520.2
8,6,18.25,0.0,0.0,0.01,0.0,10.95
8,7,93.13,0.28,0.26,0.01,0.0,56.04
8,8,399.28,0.41,0.16,0.06,0.0,239.75
8,9,451.81,0.37,0.1,0.06,0.0,271.23
9,0,100.0,0.96,0.07,0.4,0.0,60.35
9,1,191.86,0.91,0.36,0.08,100.0,215.5
9,2,120.34,0.95,0.05,0.18,0.0,72.52
9,3,143.81,0.94,0.04,0.1,0.0,86.59
9,4,140.98,0.94,0.05,0.1,0.0,84.9
9,5,505.02,0.4,0.28,0.05,0.0,303.22
9,6,343.64,0.35,0.09,0.04,0.0,206.32
9,7,268.67,0.1,0.18,0.05,0.0,161.29
9,8,37.85,0.09,0.07,0.01,0.0,22.76
9,9,90.05,0.03,0.01,0.01,0.0,54.04
0,0,65.92,0.54,0.42,1.0,100.0,139.94
0,1,36.14,0.53,0.43,0.2,100.0,121.99
0,2,10.3,0.31,0.38,0.09,100.0,106.39
0,3,18.03,0.24,0.39,0.08,100.0,111.01
0,4,244.39,0.9,0.39,0.09,100.0,247.03
0,5,219.78,0.88,0.4,0.05,100.0,232.26
0,6,154.3,0.89,0.22,0.05,100.0,192.92
0,7,204.47,0.91,0.32,0.1,100.0,223.06
0,8,52.35,0.07,0.02,0.03,0.0,31.44
0,9,621.31,0.95,0.05,0.09,100.0,473.09
1,0,10.44,0.08,0.01,1.0,0.0,6.39
1,1,20.02,0.11,0.0,0.53,0.0,12.1
1,2,46.1,0.39,0.05,0.36,0.0,27.83
1,3,49.82,0.45,0.05,0.37,0.0,30.08
1,4,190.96,0.96,0.04,0.43,0.0,114.92
1,5,270.44,0.95,0.03,0.37,0.0,162.59
1,6,202.07,0.95,0.21,0.32,0.0,121.63
1,7,153.45,0.96,0.11,0.42,0.0,92.43
1,8,107.02,0.61,0.46,0.37,100.0,164.57
1,9,565.73,0.98,0.48,0.42,0.0,339.92
2,0,50.49,0.3,0.02,1.0,0.0,30.49
2,1,20.62,0.27,0.04,0.19,0.0,12.48
2,2,6.08,0.06,0.01,0.05,0.0,3.68
2,3,15.81,0.14,0.01,0.05,0.0,9.54
2,4,229.0,0.93,0.01,0.09,0.0,137.69
2,5,232.85,0.92,0.01,0.05,0.0,139.99
2,6,166.11,0.93,0.18,0.06,0.0,100.0
2,7,189.4,0.94,0.07,0.1,0.0,113.96
2,8,67.03,0.39,0.42,0.07,100.0,140.47
2,9,605.87,0.97,0.45,0.12,0.0,363.96
3,0,32.39,0.09,0.01,1.0,0.0,19.56
3,1,3.61,0.06,0.02,0.2,0.0,2.21
3,2,24.02,0.28,0.03,0.2,0.0,14.52
3,3,29.15,0.34,0.03,0.18,0.0,17.62
3,4,211.7,0.95,0.02,0.19,0.0,127.33
3,5,249.61,0.94,0.01,0.13,0.0,150.06
3,6,182.0,0.94,0.19,0.12,0.0,109.56
3,7,172.89,0.95,0.09,0.19,0.0,104.06
3,8,85.0,0.53,0.44,0.12,100.0,151.3
3,9,587.78,0.98,0.46,0.16,0.0,353.11
5,0,88.53,0.96,0.13,1.0,0.0,53.54
5,1,73.93,0.96,0.14,0.18,0.0,44.7
5,2,72.06,0.94,0.1,0.09,0.0,43.56
5,3,60.0,0.93,0.1,0.07,0.0,36.32
5,4,220.58,0.15,0.1,0.01,0.0,132.42
5,5,214.08,0.31,0.12,0.04,0.0,128.58
5,6,143.13,0.23,0.07,0.06,0.0,85.97
5,7,175.15,0.07,0.04,0.01,0.0,105.12
5,8,91.68,0.91,0.31,0.08,100.0,155.38
5,9,608.27,0.45,0.34,0.02,0.0,365.2
6,0,88.01,0.33,0.01,1.0,0.0,53.0
6,1,58.08,0.31,0.02,0.21,0.0,34.96
6,2,32.76,0.01,0.03,0.05,0.0,19.67
6,3,29.43,0.1,0.03,0.04,0.0,17.7
6,4,261.84,0.93,0.02,0.1,0.0,157.4
6,5,194.18,0.92,0.01,0.04,0.0,116.79
6,6,128.36,0.92,0.19,0.04,0.0,77.36
6,7,220.08,0.94,0.09,0.11,0.0,132.36
6,8,29.61,0.36,0.44,0.06,100.0,118.01
6,9,642.38,0.97,0.46,0.13,0.0,385.87
7,0,339.48,0.95,0.24,1.0,0.0,204.15
7,1,310.28,0.95,0.25,0.19,0.0,186.55
7,2,285.59,0.93,0.2,0.06,0.0,171.7
7,3,280.32,0.92,0.2,0.04,0.0,168.53
7,4,496.73,0.04,0.21,0.06,0.0,298.12
7,5,62.2,0.15,0.22,0.01,0.0,37.43
7,6,133.09,0.05,0.04,0.0,0.0,79.88
7,7,451.07,0.12,0.14,0.07,0.0,270.73
7,8,226.11,0.89,0.21,0.03,100.0,235.99
7,9,884.48,0.55,0.23,0.08,0.0,530.93
8,0,306.97,0.93,0.03,1.0,0.0,184.57
8,1,277.91,0.93,0.02,0.18,0.0,167.05
8,2,253.45,0.9,0.06,0.06,0.0,152.37
8,3,247.89,0.89,0.06,0.04,0.0,149.02
8,4,463.79,0.31,0.06,0.04,0.0,278.39
8,5,29.43,0.15,0.04,0.01,0.0,17.71
8,6,100.12,0.24,0.23,0.0,0.0,60.22
8,7,418.15,0.36,0.12,0.05,0.0,251.04
8,8,194.49,0.84,0.47,0.03,100.0,217.09
8,9,851.49,0.67,0.5,0.06,0.0,511.25
9,0,98.6,0.96,0.07,1.0,0.0,59.57
9,1,120.34,0.96,0.08,0.18,0.0,72.53
9,2,143.0,0.94,0.04,0.08,0.0,86.1
9,3,138.76,0.93,0.04,0.06,0.0,83.55
9,4,102.04,0.09,0.04,0.01,0.0,61.27
9,5,332.54,0.26,0.06,0.04,0.0,199.63
9,6,261.69,0.18,0.13,0.05,0.0,157.11
9,7,56.44,0.01,0.02,0.01,0.0,33.87
9,8,195.02,0.9,0.37,0.07,100.0,217.4
9,9,490.03,0.48,0.4,0.02,0.0,294.28
10,0,570.22,0.97,0.34,1.0,0.0,342.63
10,1,600.19,0.97,0.35,0.19,0.0,360.53
10,2,626.5,0.96,0.3,0.18,0.0,376.3
10,3,627.86,0.96,0.31,0.16,0.0,377.11
10,4,403.0,0.44,0.31,0.06,0.0,242.03
10,5,837.34,0.54,0.32,0.11,0.0,502.68
10,6,766.38,0.49,0.14,0.12,0.0,460.03
10,7,449.0,0.39,0.24,0.08,0.0,269.6
10,8,686.79,0.94,0.1,0.15,100.0,512.4
10,9,15.0,0.17,0.13,0.04,0.0,9.09
0,0,37.11,0.56,0.45,1.0,100.0,122.67
0,1,10.3,0.33,0.39,0.06,100.0,106.4
0,2,66.91,0.61,0.46,1.0,100.0,140.57
0,3,56.44,0.02,0.02,0.04,0.0,33.88
0,4,18.38,0.29,0.41,0.07,100.0,111.25
0,5,220.48,0.89,0.39,0.08,100.0,232.68
0,6,209.75,0.88,0.39,0.03,100.0,226.23
0,7,149.0,0.87,0.29,0.04,100.0,189.75
0,8,255.16,0.87,0.46,0.06,100.0,253.51
0,9,607.63,0.96,0.16,0.08,100.0,464.92
1,0,19.03,0.04,0.01,1.0,0.0,11.53
1,1,46.1,0.37,0.05,1.0,0.0,27.88
1,2,11.4,0.08,0.01,1.0,0.0,6.97
1,3,111.0,0.59,0.46,1.0,100.0,167.02
1,4,48.84,0.4,0.03,1.0,0.0,29.53
1,5,168.43,0.95,0.06,1.0,0.0,101.46
1,6,260.0,0.95,0.05,1.0,0.0,156.4
1,7,196.38,0.95,0.16,1.0,0.0,118.26
1,8,201.36,0.95,0.02,1.0,0.0,121.21
1,9,552.06,0.98,0.6,1.0,0.0,331.81
2,0,21.59,0.32,0.05,1.0,0.0,13.16
2,1,6.08,0.04,0.02,0.07,0.0,3.67
2,2,51.48,0.39,0.05,1.0,0.0,31.12
2,3,71.06,0.37,0.43,0.08,100.0,142.89
2,4,15.26,0.09,0.0,0.07,0.0,9.19
2,5,205.28,0.93,0.02,0.09,0.0,123.46
2,6,222.64,0.92,0.02,0.05,0.0,133.87
2,7,160.64,0.92,0.12,0.06,0.0,96.7
2,8,239.74,0.92,0.06,0.07,0.0,144.14
2,9,592.19,0.97,0.56,0.1,0.0,355.78
3,0,4.24,0.0,0.0,1.0,0.0,2.65
3,1,24.02,0.35,0.06,0.21,0.0,14.56
3,2,33.38,0.11,0.0,1.0,0.0,20.16
3,3,89.01,0.57,0.47,0.21,100.0,153.74
3,4,28.23,0.38,0.04,0.16,0.0,17.08
3,5,188.43,0.95,0.07,0.2,0.0,113.38
3,6,239.28,0.95,0.07,0.2,0.0,143.89
3,7,176.41,0.94,0.17,0.2,0.0,106.2
3,8,222.31,0.94,0.01,0.18,0.0,133.69
3,9,574.1,0.98,0.61,0.15,0.0,344.95
6,0,59.08,0.38,0.04,1.0,0.0,35.67
6,1,32.76,0.05,0.02,0.07,0.0,19.68
6,2,89.01,0.45,0.05,1.0,0.0,53.65
6,3,33.38,0.31,0.43,0.07,100.0,120.25
6,4,30.41,0.0,0.0,0.05,0.0,18.25
6,5,236.78,0.92,0.02,0.08,0.0,142.36
6,6,184.05,0.92,0.02,0.03,0.0,110.72
6,7,123.07,0.91,0.12,0.04,0.0,74.15
6,8,272.99,0.91,0.05,0.05,0.0,164.09
6,9,628.64,0.97,0.57,0.09,0.0,377.65
7,0,311.26,0.95,0.21,1.0,0.0,187.21
7,1,285.59,0.92,0.15,0.04,0.0,171.68
7,2,340.47,0.95,0.21,1.0,0.0,204.73
7,3,221.98,0.88,0.26,0.04,100.0,233.54
7,4,281.3,0.92,0.17,0.04,0.0,169.11
7,5,469.03,0.09,0.14,0.07,0.0,281.49
7,6,73.25,0.01,0.15,0.0,0.0,43.99
7,7,139.09,0.06,0.04,0.01,0.0,83.49
7,8,508.66,0.05,0.22,0.05,0.0,305.29
7,9,870.52,0.63,0.4,0.06,0.0,522.62
8,0,278.89,0.94,0.03,1.0,0.0,167.72
8,1,253.45,0.91,0.04,0.05,0.0,152.36
8,2,307.95,0.95,0.03,1.0,0.0,185.16
8,3,190.37,0.86,0.45,0.03,100.0,214.62
8,4,248.87,0.91,0.02,0.05,0.0,149.6
8,5,436.1,0.19,0.04,0.05,0.0,261.74
8,6,40.45,0.11,0.04,0.01,0.0,24.32
8,7,106.12,0.05,0.14,0.01,0.0,63.73
8,8,475.71,0.06,0.04,0.03,0.0,285.46
8,9,837.54,0.67,0.58,0.06,0.0,502.9
9,0,119.6,0.96,0.11,1.0,0.0,72.18
9,1,143.0,0.93,0.04,0.12,0.0,86.11
9,2,98.01,0.96,0.11,1.0,0.0,59.22
9,3,198.21,0.9,0.37,0.1,100.0,219.32
9,4,137.91,0.93,0.06,0.1,0.0,83.05
9,5,74.33,0.08,0.04,0.01,0.0,44.63
9,6,321.5,0.16,0.04,0.06,0.0,192.97
9,7,255.71,0.22,0.06,0.07,0.0,153.52
9,8,114.02,0.21,0.12,0.01,0.0,68.51
9,9,476.04,0.56,0.5,0.04,0.0,285.94
10,0,599.2,0.98,0.48,1.0,0.0,360.06
10,1,626.5,0.97,0.42,0.12,0.0,376.33
10,2,569.23,0.98,0.48,1.0,0.0,342.08
10,3,690.63,0.95,0.01,0.11,100.0,514.68
10,4,626.87,0.96,0.44,0.11,0.0,376.55
10,5,431.0,0.53,0.41,0.02,0.0,258.89
10,6,826.32,0.57,0.42,0.07,0.0,496.1
10,7,760.38,0.6,0.31,0.08,0.0,456.51
10,8,391.01,0.6,0.49,0.03,0.0,234.94
10,9,29.02,0.13,0.13,0.02,0.0,17.49
11,0,207.74,0.95,0.04,1.0,0.0,125.04
11,1,234.16,0.93,0.02,0.11,0.0,140.79
11,2,179.79,0.96,0.04,1.0,0.0,108.27
11,3,294.82,0.89,0.43,0.09,100.0,277.3
11,4,231.81,0.92,0.0,0.09,0.0,139.37
11,5,28.28,0.0,0.03,0.01,0.0,16.98
11,6,423.52,0.08,0.02,0.05,0.0,254.15
11,7,357.68,0.15,0.13,0.06,0.0,214.69
11,8,12.04,0.14,0.05,0.01,0.0,7.28
11,9,374.01,0.59,0.57,0.03,0.0,224.76
0,0,61.29,0.09,0.04,0.02,0.0,36.82
0,1,68.07,0.56,0.44,1.0,100.0,141.24
0,2,37.11,0.57,0.47,0.14,100.0,122.59
0,3,11.66,0.3,0.4,0.07,100.0,107.22
0,4,18.38,0.36,0.47,0.08,100.0,111.29
0,5,580.17,0.95,0.13,0.1,100.0,448.44
0,6,201.11,0.87,0.45,0.04,100.0,221.06
0,7,132.08,0.85,0.36,0.05,100.0,179.61
0,8,234.05,0.91,0.33,0.1,100.0,240.81
0,9,266.39,0.9,0.4,0.08,100.0,260.23
1,0,116.02,0.65,0.52,1.0,100.0,170.06
1,1,12.65,0.13,0.03,1.0,0.0,7.74
1,2,19.03,0.11,0.0,1.0,0.0,11.55
1,3,45.04,0.45,0.07,1.0,0.0,27.28
1,4,48.84,0.4,0.01,1.0,0.0,29.53
1,5,524.6,0.98,0.61,1.0,0.0,315.34
1,6,250.84,0.95,0.03,1.0,0.0,150.9
1,7,178.14,0.94,0.11,1.0,0.0,107.3
1,8,181.34,0.96,0.15,1.0,0.0,109.24
1,9,212.32,0.96,0.08,1.0,0.0,127.81
2,0,76.03,0.4,0.45,0.06,100.0,145.88
2,1,52.61,0.33,0.03,1.0,0.0,31.78
2,2,21.59,0.35,0.06,0.18,0.0,13.09
2,3,5.39,0.06,0.01,0.04,0.0,3.26
2,4,15.26,0.03,0.05,0.07,0.0,9.19
2,5,564.71,0.97,0.54,0.12,0.0,339.29
2,6,213.78,0.91,0.04,0.05,0.0,128.56
2,7,143.13,0.9,0.05,0.05,0.0,86.17
2,8,218.75,0.94,0.08,0.12,0.0,131.57
2,9,250.94,0.93,0.01,0.1,0.0,150.86
3,0,94.0,0.61,0.52,1.0,100.0,156.84
3,1,34.53,0.02,0.03,1.0,0.0,20.83
3,2,4.24,0.0,0.0,1.0,0.0,2.65
3,3,23.0,0.38,0.07,1.0,0.0,14.04
3,4,28.23,0.33,0.01,1.0,0.0,17.14
3,5,546.63,0.98,0.6,1.0,0.0,328.55
3,6,230.27,0.94,0.03,1.0,0.0,138.55
3,7,158.5,0.94,0.11,1.0,0.0,95.51
3,8,201.7,0.96,0.15,1.0,0.0,121.45
3,9,233.42,0.96,0.08,1.0,0.0,140.46
6,0,38.47,0.37,0.47,0.07,100.0,123.34
6,1,90.0,0.36,0.01,1.0,0.0,54.21
6,2,59.08,0.38,0.04,0.19,0.0,35.59
6,3,33.54,0.01,0.03,0.04,0.0,20.14
6,4,30.41,0.07,0.04,0.06,0.0,18.29
6,5,601.04,0.97,0.56,0.1,0.0,361.09
6,6,175.33,0.91,0.02,0.05,0.0,105.48
6,7,106.23,0.9,0.07,0.05,0.0,64.03
6,8,250.84,0.94,0.1,0.1,0.0,150.83
6,9,284.48,0.93,0.03,0.08,0.0,170.98
7,0,217.44,0.87,0.45,0.02,100.0,230.86
7,1,341.3,0.95,0.04,1.0,0.0,205.17
7,2,311.26,0.95,0.07,0.12,0.0,187.07
7,3,286.36,0.92,0.01,0.02,0.0,172.09
7,4,281.3,0.92,0.06,0.03,0.0,169.08
7,5,842.57,0.62,0.54,0.06,0.0,505.89
7,6,83.38,0.09,0.04,0.0,0.0,50.07
7,7,158.05,0.17,0.05,0.01,0.0,94.9
7,8,483.99,0.24,0.08,0.06,0.0,290.5
7,9,520.65,0.17,0.01,0.04,0.0,312.45
8,0,185.95,0.86,0.35,0.03,100.0,211.93
8,1,308.76,0.94,0.14,1.0,0.0,185.68
8,2,278.89,0.94,0.17,0.12,0.0,167.68
8,3,254.18,0.91,0.1,0.02,0.0,152.81
8,4,248.87,0.92,0.16,0.02,0.0,149.65
8,5,809.59,0.65,0.44,0.06,0.0,486.09
8,6,50.64,0.02,0.14,0.0,0.0,30.43
8,7,125.06,0.11,0.06,0.01,0.0,75.09
8,8,451.07,0.29,0.02,0.07,0.0,270.74
8,9,487.69,0.23,0.09,0.05,0.0,292.72
9,0,203.18,0.88,0.45,0.07,100.0,222.31
9,1,96.61,0.95,0.04,1.0,0.0,58.36
9,2,119.6,0.95,0.07,0.22,0.0,72.09
9,3,141.61,0.92,0.0,0.08,0.0,85.25
9,4,137.91,0.93,0.06,0.08,0.0,83.05
9,5,448.05,0.58,0.54,0.02,0.0,269.17
9,6,311.41,0.17,0.04,0.07,0.0,186.92
9,7,236.85,0.24,0.04,0.05,0.0,142.2
9,8,89.27,0.17,0.08,0.01,0.0,53.64
9,9,126.02,0.09,0.01,0.01,0.0,75.64
10,0,695.72,0.95,0.09,0.08,100.0,517.75
10,1,568.1,0.98,0.58,1.0,0.0,341.43
10,2,599.2,0.98,0.61,0.22,0.0,360.02
10,3,625.37,0.97,0.54,0.09,0.0,375.68
10,4,626.87,0.97,0.6,0.09,0.0,376.6
10,5,57.04,0.02,0.01,0.02,0.0,34.23
10,6,816.27,0.66,0.58,0.07,0.0,490.14
10,7,741.42,0.69,0.5,0.06,0.0,445.22
10,8,416.0,0.51,0.46,0.04,0.0,249.9
10,9,379.01,0.55,0.53,0.03,0.0,227.74
11,0,299.9,0.86,0.53,0.06,100.0,280.36
11,1,178.44,0.94,0.04,1.0,0.0,107.46
11,2,207.74,0.94,0.01,0.2,0.0,124.95
11,3,232.86,0.91,0.08,0.06,0.0,140.02
11,4,231.81,0.92,0.02,0.06,0.0,139.37
11,5,346.02,0.64,0.61,0.03,0.0,207.99
11,6,413.44,0.03,0.04,0.05,0.0,248.09
11,7,338.78,0.12,0.12,0.03,0.0,203.34
11,8,13.6,0.28,0.16,0.01,0.0,8.29
11,9,24.02,0.22,0.09,0.01,0.0,14.5
0,0,68.07,0.58,0.46,0.32,100.0,141.18
0,1,37.11,0.62,0.54,0.09,100.0,122.62
0,2,11.18,0.39,0.46,0.08,100.0,106.97
0,3,18.38,0.5,0.55,0.07,100.0,111.35
0,4,67.27,0.02,0.02,0.04,0.0,40.38
0,5,192.77,0.83,0.54,0.03,100.0,216.08
0,6,117.8,0.82,0.46,0.03,100.0,171.07
0,7,247.39,0.91,0.3,0.07,100.0,248.8
0,8,277.68,0.91,0.36,0.06,100.0,267.0
0,9,542.74,0.94,0.09,0.09,100.0,425.96
1,0,12.65,0.05,0.02,1.0,0.0,7.71
1,1,19.03,0.06,0.06,1.0,0.0,11.55
1,2,45.1,0.34,0.02,1.0,0.0,27.27
1,3,48.84,0.2,0.07,1.0,0.0,29.48
1,4,122.02,0.61,0.5,1.0,100.0,173.64
1,5,242.17,0.93,0.05,1.0,0.0,145.7
1,6,161.77,0.93,0.02,1.0,0.0,97.45
1,7,194.1,0.97,0.18,1.0,0.0,116.9
1,8,223.39,0.96,0.12,1.0,0.0,134.46
1,9,487.2,0.97,0.39,1.0,0.0,292.83
2,0,52.61,0.34,0.02,0.33,0.0,31.71
2,1,21.59,0.41,0.1,0.16,0.0,13.12
2,2,5.1,0.04,0.02,0.04,0.0,3.08
2,3,15.26,0.21,0.11,0.07,0.0,9.26
2,4,82.02,0.38,0.46,0.05,100.0,149.47
2,5,205.3,0.89,0.09,0.02,0.0,123.48
2,6,127.95,0.88,0.02,0.02,0.0,77.04
2,7,232.02,0.94,0.14,0.08,0.0,139.55
2,8,262.21,0.94,0.08,0.07,0.0,157.64
2,9,527.27,0.96,0.35,0.09,0.0,316.76
3,0,34.53,0.07,0.05,0.22,0.0,20.77
3,1,4.24,0.04,0.02,0.2,0.0,2.59
3,2,23.02,0.36,0.06,0.18,0.0,13.95
3,3,28.23,0.22,0.04,0.18,0.0,17.03
3,4,100.0,0.62,0.53,0.14,100.0,160.36
3,5,221.69,0.93,0.02,0.13,0.0,133.31
3,6,142.67,0.93,0.05,0.13,0.0,85.91
3,7,214.77,0.97,0.21,0.19,0.0,129.23
3,8,244.62,0.96,0.15,0.19,0.0,147.12
3,9,509.2,0.97,0.42,0.21,0.0,305.96
6,0,90.0,0.28,0.04,0.32,0.0,54.13
6,1,59.08,0.36,0.03,0.16,0.0,35.58
6,2,33.73,0.04,0.05,0.06,0.0,20.27
6,3,30.41,0.14,0.05,0.05,0.0,18.31
6,4,44.41,0.43,0.53,0.04,100.0,126.93
6,5,166.94,0.9,0.03,0.03,0.0,100.45
6,6,92.31,0.89,0.05,0.03,0.0,55.67
6,7,264.68,0.95,0.21,0.07,0.0,159.16
6,8,296.02,0.95,0.14,0.06,0.0,177.94
6,9,563.45,0.96,0.41,0.09,0.0,338.49
7,0,341.3,0.94,0.02,0.3,0.0,205.1
7,1,311.26,0.95,0.05,0.13,0.0,187.07
7,2,286.57,0.91,0.03,0.06,0.0,172.23
7,3,281.3,0.93,0.06,0.05,0.0,169.08
7,4,211.68,0.85,0.51,0.03,100.0,227.42
7,5,92.35,0.13,0.05,0.0,0.0,55.46
7,6,176.07,0.2,0.03,0.01,0.0,105.71
7,7,498.9,0.4,0.19,0.06,0.0,299.52
7,8,532.63,0.37,0.13,0.05,0.0,319.73
7,9,804.6,0.56,0.39,0.08,0.0,483.05
8,0,308.76,0.93,0.06,0.32,0.0,185.59
8,1,278.89,0.94,0.14,0.13,0.0,167.67
8,2,254.42,0.9,0.06,0.06,0.0,152.95
8,3,248.87,0.92,0.15,0.04,0.0,149.65
8,4,180.28,0.84,0.42,0.03,100.0,208.55
8,5,59.54,0.04,0.13,0.01,0.0,35.78
8,6,143.09,0.12,0.06,0.0,0.0,85.91
8,7,465.97,0.45,0.1,0.04,0.0,279.75
8,8,499.68,0.42,0.04,0.03,0.0,299.95
8,9,771.62,0.6,0.31,0.06,0.0,463.25
9,0,96.61,0.96,0.09,0.41,0.0,58.32
9,1,119.6,0.96,0.17,0.18,0.0,72.12
9,2,142.2,0.94,0.09,0.13,0.0,85.64
9,3,137.91,0.95,0.18,0.05,0.0,83.09
9,4,208.66,0.9,0.39,0.08,100.0,225.59
9,5,302.42,0.39,0.17,0.05,0.0,181.63
9,6,218.83,0.44,0.09,0.05,0.0,131.46
9,7,104.17,0.14,0.07,0.0,0.0,62.57
9,8,138.01,0.09,0.01,0.0,0.0,82.84
9,9,410.06,0.37,0.28,0.02,0.0,246.23
10,0,568.1,0.98,0.55,0.38,0.0,341.36
10,1,599.2,0.98,0.63,0.17,0.0,360.02
10,2,625.51,0.97,0.55,0.12,0.0,375.77
10,3,626.87,0.97,0.64,0.05,0.0,376.61
10,4,701.67,0.95,0.07,0.08,100.0,521.31
10,5,807.27,0.7,0.63,0.04,0.0,484.77
10,6,723.4,0.72,0.55,0.05,0.0,434.42
10,7,401.0,0.42,0.39,0.01,0.0,240.85
10,8,367.01,0.45,0.45,0.02,0.0,220.48
10,9,95.02,0.21,0.18,0.01,0.0,57.13
11,0,178.44,0.95,0.03,0.37,0.0,107.4
11,1,207.74,0.96,0.1,0.16,0.0,124.98
11,2,233.24,0.93,0.02,0.11,0.0,140.24
11,3,231.81,0.94,0.11,0.04,0.0,139.41
11,4,305.64,0.89,0.46,0.06,100.0,283.8
11,5,404.45,0.34,0.1,0.04,0.0,242.8
11,6,320.76,0.39,0.02,0.03,0.0,192.58
11,7,3.61,0.21,0.14,0.01,0.0,2.27
11,8,36.01,0.17,0.08,0.0,0.0,21.68
11,9,308.03,0.42,0.34,0.02,0.0,185.05
0,0,68.88,0.58,0.49,0.28,100.0,141.68
0,1,36.14,0.61,0.54,0.23,100.0,122.05
0,2,11.7,0.38,0.46,0.07,100.0,107.28
0,3,20.59,0.42,0.53,0.05,100.0,112.64
0,4,72.25,0.06,0.02,0.03,0.0,43.38
0,5,183.98,0.85,0.52,0.03,100.0,210.8
0,6,109.79,0.84,0.43,0.04,100.0,166.26
0,7,273.41,0.91,0.35,0.08,100.0,264.43
0,8,284.3,0.9,0.42,0.07,100.0,270.98
0,9,515.4,0.92,0.25,0.11,100.0,409.6
1,0,13.34,0.02,0.01,0.03,0.0,8.02
1,1,20.02,0.05,0.06,0.48,0.0,12.1
1,2,44.18,0.34,0.02,0.38,0.0,26.65
1,3,46.1,0.29,0.05,0.35,0.0,27.79
1,4,127.02,0.61,0.5,0.32,100.0,176.58
1,5,232.85,0.94,0.04,0.32,0.0,140.03
1,6,151.64,0.93,0.05,0.31,0.0,91.31
1,7,219.42,0.96,0.13,0.41,0.0,132.02
1,8,229.9,0.96,0.06,0.39,0.0,138.28
1,9,459.89,0.97,0.24,0.41,0.0,276.34
2,0,53.46,0.29,0.01,0.32,0.0,32.2
2,1,20.62,0.34,0.06,0.2,0.0,12.51
2,2,4.0,0.04,0.02,0.05,0.0,2.42
2,3,14.87,0.03,0.05,0.06,0.0,8.95
2,4,87.02,0.44,0.5,0.06,100.0,152.5
2,5,196.29,0.91,0.04,0.07,0.0,118.07
2,6,119.04,0.9,0.05,0.06,0.0,71.71
2,7,257.96,0.94,0.13,0.14,0.0,155.11
2,8,268.81,0.94,0.06,0.13,0.0,161.6
2,9,499.92,0.95,0.23,0.15,0.0,300.32
3,0,35.36,0.13,0.07,0.38,0.0,21.31
3,1,3.61,0.06,0.02,0.07,0.0,2.19
3,2,22.09,0.41,0.1,0.16,0.0,13.42
3,3,25.94,0.37,0.03,0.15,0.0,15.7
3,4,105.0,0.65,0.58,0.12,100.0,163.38
3,5,212.51,0.94,0.04,0.12,0.0,127.81
3,6,133.09,0.94,0.13,0.13,0.0,80.19
3,7,240.48,0.97,0.21,0.2,0.0,144.66
3,8,251.18,0.96,0.14,0.2,0.0,151.06
3,9,481.86,0.97,0.31,0.23,0.0,289.53
6,0,91.01,0.14,0.08,0.36,0.0,54.71
6,1,58.08,0.2,0.03,0.23,0.0,34.94
6,2,34.93,0.21,0.11,0.07,0.0,21.06
6,3,33.54,0.16,0.04,0.04,0.0,20.19
6,4,49.37,0.54,0.59,0.06,100.0,129.97
6,5,158.09,0.93,0.05,0.04,0.0,95.15
6,6,84.86,0.92,0.14,0.05,0.0,51.24
6,7,291.37,0.95,0.22,0.05,0.0,175.18
6,8,302.76,0.95,0.15,0.05,0.0,181.99
6,9,535.94,0.96,0.32,0.06,0.0,321.96
7,0,342.45,0.93,0.07,0.31,0.0,205.8
7,1,310.28,0.93,0.02,0.21,0.0,186.47
7,2,287.76,0.89,0.09,0.04,0.0,172.96
7,3,284.08,0.9,0.03,0.02,0.0,170.73
7,4,206.89,0.82,0.58,0.02,100.0,224.56
7,5,102.4,0.12,0.04,0.01,0.0,61.48
7,6,188.13,0.06,0.13,0.01,0.0,112.93
7,7,526.85,0.45,0.21,0.06,0.0,316.32
7,8,539.63,0.4,0.14,0.05,0.0,323.94
7,9,776.66,0.52,0.31,0.07,0.0,466.25
8,0,309.92,0.92,0.01,0.3,0.0,186.26
8,1,277.91,0.93,0.06,0.2,0.0,167.06
8,2,255.63,0.88,0.02,0.04,0.0,153.65
8,3,251.62,0.89,0.05,0.02,0.0,151.26
8,4,175.57,0.8,0.5,0.02,100.0,205.74
8,5,69.58,0.19,0.04,0.01,0.0,41.82
8,6,155.16,0.13,0.05,0.01,0.0,93.15
8,7,493.91,0.49,0.13,0.06,0.0,296.54
8,8,506.67,0.45,0.06,0.05,0.0,304.16
8,9,743.69,0.56,0.23,0.08,0.0,446.46
9,0,96.83,0.96,0.17,0.4,0.0,58.48
9,1,120.34,0.97,0.22,0.24,0.0,72.58
9,2,142.0,0.94,0.14,0.06,0.0,85.53
9,3,134.83,0.95,0.21,0.05,0.0,81.25
9,4,213.24,0.91,0.34,0.07,100.0,228.33
9,5,292.39,0.41,0.2,0.03,0.0,175.62
9,6,206.7,0.45,0.11,0.05,0.0,124.19
9,7,132.14,0.05,0.03,0.0,0.0,79.3
9,8,145.01,0.13,0.1,0.01,0.0,87.08
9,9,382.08,0.09,0.07,0.02,0.0,229.3
10,0,567.25,0.97,0.38,0.41,0.0,340.8
10,1,600.19,0.97,0.43,0.23,0.0,360.56
10,2,624.66,0.96,0.35,0.07,0.0,375.2
10,3,623.77,0.96,0.42,0.06,0.0,374.68
10,4,706.63,0.93,0.13,0.1,100.0,524.31
10,5,797.25,0.57,0.41,0.04,0.0,478.65
10,6,711.34,0.59,0.32,0.06,0.0,427.08
10,7,373.0,0.3,0.24,0.02,0.0,223.96
10,8,360.01,0.36,0.31,0.03,0.0,216.21
10,9,123.04,0.2,0.13,0.01,0.0,73.92
11,0,178.01,0.96,0.11,0.39,0.0,107.17
11,1,208.66,0.96,0.16,0.24,0.0,125.55
11,2,232.69,0.94,0.08,0.05,0.0,139.93
11,3,228.65,0.95,0.15,0.04,0.0,137.52
11,4,310.44,0.9,0.4,0.06,100.0,286.66
11,5,394.41,0.38,0.14,0.02,0.0,236.8
11,6,308.65,0.42,0.05,0.04,0.0,185.33
11,7,30.15,0.01,0.03,0.0,0.0,18.1
11,8,43.01,0.08,0.04,0.0,0.0,25.84
11,9,280.04,0.14,0.13,0.02,0.0,168.11
0,0,78.23,0.04,0.04,0.03,0.0,46.96
0,1,69.87,0.6,0.51,0.19,100.0,142.28
0,2,36.4,0.62,0.57,0.22,100.0,122.22
0,3,12.65,0.4,0.49,0.04,100.0,107.86
0,4,22.8,0.4,0.52,0.05,100.0,113.96
0,5,489.7,0.9,0.38,0.1,100.0,394.21
0,6,102.55,0.85,0.4,0.02,100.0,161.91
0,7,299.79,0.89,0.41,0.06,100.0,280.27
0,8,289.98,0.88,0.49,0.07,100.0,274.41
0,9,173.99,0.86,0.51,0.02,100.0,204.81
1,0,133.02,0.62,0.55,0.3,100.0,180.19
1,1,14.32,0.0,0.0,0.17,0.0,8.61
1,2,20.1,0.05,0.05,0.5,0.0,12.14
1,3,43.19,0.33,0.02,0.37,0.0,26.06
1,4,42.2,0.34,0.01,0.36,0.0,25.46
1,5,434.22,0.96,0.13,0.42,0.0,260.9
1,6,142.24,0.94,0.11,0.31,0.0,85.69
1,7,245.33,0.96,0.1,0.4,0.0,147.55
1,8,235.49,0.95,0.02,0.42,0.0,141.63
1,9,222.34,0.94,0.0,0.32,0.0,133.72
2,0,93.02,0.44,0.52,0.06,100.0,156.11
2,1,54.45,0.32,0.03,0.23,0.0,32.8
2,2,20.88,0.36,0.08,0.18,0.0,12.68
2,3,3.0,0.02,0.01,0.04,0.0,1.81
2,4,14.04,0.02,0.04,0.04,0.0,8.44
2,5,474.21,0.94,0.11,0.07,0.0,284.85
2,6,110.89,0.91,0.08,0.04,0.0,66.83
2,7,284.3,0.94,0.07,0.05,0.0,170.89
2,8,274.49,0.93,0.01,0.06,0.0,164.98
2,9,186.08,0.92,0.03,0.03,0.0,111.93
3,0,111.0,0.65,0.6,0.26,100.0,167.0
3,1,36.35,0.07,0.05,0.37,0.0,21.88
3,2,4.47,0.02,0.01,0.08,0.0,2.7
3,3,21.1,0.38,0.07,0.26,0.0,12.82
3,4,22.47,0.38,0.04,0.24,0.0,13.63
3,5,456.17,0.96,0.18,0.23,0.0,274.07
3,6,124.26,0.94,0.16,0.21,0.0,74.91
3,7,266.65,0.96,0.15,0.25,0.0,160.35
3,8,256.83,0.96,0.07,0.28,0.0,154.43
3,9,202.14,0.95,0.05,0.2,0.0,121.6
6,0,55.33,0.48,0.59,0.04,100.0,133.52
6,1,92.01,0.27,0.04,0.2,0.0,55.32
6,2,58.03,0.31,0.01,0.2,0.0,34.94
6,3,35.9,0.08,0.06,0.03,0.0,21.59
6,4,37.48,0.09,0.03,0.03,0.0,22.53
6,5,510.13,0.94,0.18,0.06,0.0,306.42
6,6,78.41,0.92,0.15,0.02,0.0,47.37
6,7,318.28,0.94,0.14,0.04,0.0,191.3
6,8,308.55,0.93,0.06,0.05,0.0,185.43
6,9,148.07,0.92,0.04,0.02,0.0,89.13
7,0,201.16,0.83,0.58,0.03,100.0,221.12
7,1,343.43,0.94,0.03,0.18,0.0,206.37
7,2,310.1,0.94,0.02,0.21,0.0,186.37
7,3,288.74,0.9,0.05,0.03,0.0,173.53
7,4,288.03,0.9,0.02,0.04,0.0,173.1
7,5,750.64,0.35,0.17,0.05,0.0,450.54
7,6,199.16,0.07,0.14,0.01,0.0,119.56
7,7,554.81,0.33,0.13,0.03,0.0,333.03
7,8,545.62,0.24,0.05,0.04,0.0,327.46
7,9,113.36,0.11,0.03,0.0,0.0,68.06
8,0,169.94,0.82,0.49,0.04,100.0,202.36
8,1,310.9,0.93,0.06,0.17,0.0,186.86
8,2,277.7,0.94,0.12,0.2,0.0,166.96
8,3,256.6,0.9,0.04,0.04,0.0,154.25
8,4,255.55,0.9,0.07,0.04,0.0,153.62
8,5,717.67,0.39,0.07,0.07,0.0,430.75
8,6,166.19,0.13,0.05,0.0,0.0,99.77
8,7,521.86,0.37,0.04,0.05,0.0,313.24
8,8,512.66,0.29,0.04,0.06,0.0,307.7
8,9,80.5,0.16,0.06,0.01,0.0,48.37
9,0,218.77,0.9,0.41,0.08,100.0,231.66
9,1,96.26,0.96,0.14,0.26,0.0,58.11
9,2,119.67,0.96,0.2,0.23,0.0,72.17
9,3,141.21,0.94,0.12,0.05,0.0,85.05
9,4,131.47,0.94,0.15,0.06,0.0,79.21
9,5,356.07,0.04,0.01,0.01,0.0,213.66
9,6,195.66,0.33,0.03,0.06,0.0,117.51
9,7,160.11,0.08,0.04,0.01,0.0,96.1
9,8,151.01,0.18,0.12,0.01,0.0,90.7
9,9,281.4,0.3,0.14,0.05,0.0,168.98
10,0,712.58,0.91,0.31,0.11,100.0,527.92
10,1,566.26,0.97,0.24,0.27,0.0,340.15
10,2,600.05,0.97,0.3,0.23,0.0,360.43
10,3,623.67,0.95,0.22,0.07,0.0,374.56
10,4,619.8,0.95,0.25,0.07,0.0,372.25
10,5,149.01,0.17,0.11,0.01,0.0,89.49
10,6,700.31,0.42,0.14,0.07,0.0,420.36
10,7,345.0,0.2,0.14,0.03,0.0,207.11
10,8,354.01,0.29,0.22,0.04,0.0,212.57
10,9,786.25,0.4,0.24,0.07,0.0,471.95
11,0,316.2,0.89,0.48,0.06,100.0,290.14
11,1,177.12,0.96,0.07,0.25,0.0,106.61
11,2,208.25,0.96,0.13,0.24,0.0,125.3
11,3,231.77,0.94,0.05,0.04,0.0,139.36
11,4,224.88,0.93,0.08,0.05,0.0,135.24
11,5,254.03,0.05,0.06,0.02,0.0,152.46
11,6,297.61,0.27,0.04,0.05,0.0,178.66
11,7,58.08,0.01,0.03,0.01,0.0,34.86
11,8,49.01,0.11,0.05,0.01,0.0,29.45
11,9,383.42,0.24,0.07,0.04,0.0,230.15
0,0,34.48,0.69,0.63,0.28,100.0,121.11
0,1,83.15,0.04,0.0,0.02,0.0,49.9
0,2,69.87,0.62,0.55,0.37,100.0,142.31
0,3,23.35,0.39,0.55,0.05,100.0,114.29
0,4,14.87,0.42,0.53,0.07,100.0,109.21
0,5,163.25,0.87,0.49,0.03,100.0,198.36
0,6,455.24,0.9,0.36,0.15,100.0,373.54
0,7,94.4,0.82,0.52,0.04,100.0,157.05
0,8,309.92,0.91,0.36,0.07,100.0,286.34
0,9,315.7,0.89,0.45,0.05,100.0,289.83
1,0,22.09,0.18,0.09,0.41,0.0,13.38
1,1,138.03,0.63,0.55,0.22,100.0,183.2
1,2,14.32,0.0,0.0,0.46,0.0,8.64
1,3,40.02,0.37,0.0,0.22,0.0,24.15
1,4,41.11,0.34,0.02,0.23,0.0,24.8
1,5,210.92,0.95,0.06,0.17,0.0,126.87
1,6,399.8,0.96,0.19,0.32,0.0,240.26
1,7,130.17,0.93,0.03,0.19,0.0,78.41
1,8,255.28,0.96,0.19,0.26,0.0,153.54
1,9,260.89,0.96,0.1,0.25,0.0,156.88
2,0,18.97,0.45,0.11,0.25,0.0,11.58
2,1,98.01,0.45,0.53,0.04,100.0,159.1
2,2,54.45,0.33,0.02,0.42,0.0,32.82
2,3,13.04,0.06,0.02,0.04,0.0,7.85
2,4,1.41,0.02,0.01,0.06,0.0,0.86
2,5,175.05,0.93,0.04,0.03,0.0,105.32
2,6,439.73,0.95,0.17,0.1,0.0,264.18
2,7,101.12,0.9,0.01,0.03,0.0,60.95
2,8,294.42,0.95,0.17,0.04,0.0,176.99
2,9,300.19,0.94,0.08,0.04,0.0,180.42
3,0,4.0,0.13,0.03,0.11,0.0,2.46
3,1,116.0,0.65,0.61,0.27,100.0,170.01
3,2,36.35,0.05,0.05,0.41,0.0,21.88
3,3,20.25,0.41,0.05,0.24,0.0,12.31
3,4,19.03,0.38,0.07,0.18,0.0,11.57
3,5,190.91,0.95,0.11,0.21,0.0,114.88
3,6,421.72,0.97,0.24,0.2,0.0,253.41
3,7,113.23,0.93,0.09,0.21,0.0,68.27
3,8,276.7,0.97,0.25,0.24,0.0,166.41
3,9,282.41,0.96,0.15,0.25,0.0,169.81
6,0,56.04,0.46,0.08,0.22,0.0,33.8
6,1,60.41,0.45,0.56,0.06,100.0,136.55
6,2,92.01,0.34,0.01,0.4,0.0,55.35
6,3,39.32,0.06,0.01,0.05,0.0,23.62
6,4,37.66,0.01,0.03,0.07,0.0,22.61
6,5,137.31,0.93,0.07,0.03,0.0,82.69
6,6,475.48,0.95,0.2,0.09,0.0,285.64
6,7,72.01,0.89,0.04,0.04,0.0,43.49
6,8,328.65,0.95,0.2,0.05,0.0,197.54
6,9,334.7,0.94,0.11,0.05,0.0,201.14
7,0,308.13,0.95,0.09,0.22,0.0,185.21
7,1,196.7,0.85,0.55,0.04,100.0,218.44
7,2,343.43,0.94,0.0,0.35,0.0,206.38
7,3,290.17,0.91,0.0,0.02,0.0,174.38
7,4,290.48,0.91,0.01,0.04,0.0,174.57
7,5,125.32,0.14,0.06,0.0,0.0,75.25
7,6,715.63,0.36,0.19,0.08,0.0,429.55
7,7,214.23,0.19,0.03,0.01,0.0,128.61
7,8,565.74,0.37,0.19,0.04,0.0,339.62
7,9,572.59,0.29,0.1,0.03,0.0,343.67
8,0,275.75,0.95,0.19,0.22,0.0,165.81
8,1,165.64,0.84,0.44,0.04,100.0,199.77
8,2,310.9,0.94,0.11,0.35,0.0,186.89
8,3,257.7,0.91,0.11,0.03,0.0,154.93
8,4,258.31,0.91,0.09,0.05,0.0,155.29
8,5,92.44,0.18,0.05,0.01,0.0,55.53
8,6,682.66,0.39,0.08,0.1,0.0,409.75
8,7,181.28,0.15,0.08,0.0,0.0,108.83
8,8,532.79,0.4,0.08,0.04,0.0,319.82
8,9,539.63,0.32,0.01,0.04,0.0,323.88
9,0,121.17,0.96,0.19,0.21,0.0,73.07
9,1,223.77,0.88,0.45,0.04,100.0,234.67
9,2,96.26,0.96,0.1,0.47,0.0,58.12
9,3,130.36,0.93,0.1,0.04,0.0,78.53
9,4,139.01,0.93,0.09,0.06,0.0,83.72
9,5,269.42,0.12,0.04,0.04,0.0,161.7
9,6,321.06,0.15,0.09,0.05,0.0,192.71
9,7,180.54,0.39,0.07,0.03,0.0,108.47
9,8,171.07,0.17,0.09,0.01,0.0,102.72
9,9,178.01,0.06,0.0,0.01,0.0,106.83
10,0,602.03,0.97,0.22,0.18,0.0,361.59
10,1,717.67,0.89,0.42,0.08,100.0,531.0
10,2,566.26,0.96,0.13,0.49,0.0,340.14
10,3,617.94,0.93,0.14,0.06,0.0,371.09
10,4,621.55,0.94,0.12,0.05,0.0,373.25
10,5,774.26,0.15,0.08,0.06,0.0,464.63
10,6,184.0,0.11,0.05,0.01,0.0,110.45
10,7,685.26,0.41,0.1,0.06,0.0,411.32
10,8,334.0,0.14,0.06,0.02,0.0,200.46
10,9,327.01,0.02,0.04,0.03,0.0,196.23
11,0,210.09,0.96,0.11,0.23,0.0,126.4
11,1,321.29,0.87,0.53,0.04,100.0,293.19
11,2,177.12,0.95,0.02,0.5,0.0,106.62
11,3,223.33,0.92,0.02,0.05,0.0,134.29
11,4,229.54,0.93,0.01,0.07,0.0,138.01
11,5,371.44,0.0,0.04,0.05,0.0,222.88
11,6,219.02,0.25,0.17,0.05,0.0,131.54
11,7,282.51,0.31,0.01,0.05,0.0,169.61
11,8,69.03,0.27,0.17,0.01,0.0,41.55
11,9,76.01,0.17,0.08,0.01,0.0,45.68
0,0,69.87,0.61,0.54,0.46,100.0,142.31
0,1,33.84,0.71,0.66,0.28,100.0,120.74
0,2,15.81,0.42,0.52,0.02,100.0,109.77
0,3,25.46,0.41,0.56,0.02,100.0,115.56
0,4,89.2,0.02,0.02,0.04,0.0,53.54
0,5,150.95,0.88,0.44,0.04,100.0,190.97
0,6,87.71,0.77,0.59,0.05,100.0,153.04
0,7,317.54,0.91,0.28,0.06,100.0,290.89
0,8,340.39,0.91,0.38,0.05,100.0,304.62
0,9,432.26,0.91,0.27,0.09,100.0,359.72
1,0,14.32,0.07,0.01,0.19,0.0,8.63
1,1,23.19,0.22,0.11,0.61,0.0,14.08
1,2,40.11,0.37,0.03,0.41,0.0,24.23
1,3,38.33,0.38,0.01,0.43,0.0,23.16
1,4,144.01,0.63,0.57,0.35,100.0,186.8
1,5,197.7,0.96,0.11,0.33,0.0,118.97
1,6,119.04,0.91,0.04,0.41,0.0,71.75
1,7,262.82,0.97,0.27,0.5,0.0,158.11
1,8,285.34,0.97,0.17,0.51,0.0,171.59
1,9,376.9,0.97,0.28,0.49,0.0,226.57
2,0,54.45,0.3,0.0,0.39,0.0,32.8
2,1,18.38,0.49,0.12,0.19,0.0,11.23
2,2,1.0,0.04,0.02,0.07,0.0,0.62
2,3,14.32,0.06,0.02,0.08,0.0,8.62
2,4,104.02,0.43,0.55,0.06,100.0,162.71
2,5,162.35,0.93,0.09,0.04,0.0,97.72
2,6,92.62,0.87,0.06,0.04,0.0,55.85
2,7,302.03,0.95,0.25,0.07,0.0,181.59
2,8,324.87,0.95,0.15,0.07,0.0,195.26
2,9,416.74,0.95,0.26,0.07,0.0,250.42
3,0,36.35,0.24,0.1,0.53,0.0,21.96
3,1,5.1,0.05,0.02,0.16,0.0,3.1
3,2,18.03,0.48,0.12,0.27,0.0,11.02
3,3,19.21,0.49,0.08,0.28,0.0,11.73
3,4,122.0,0.69,0.65,0.24,100.0,173.63
3,5,177.92,0.97,0.19,0.21,0.0,107.12
3,6,103.28,0.93,0.04,0.2,0.0,62.28
3,7,284.29,0.97,0.35,0.22,0.0,170.99
3,8,307.0,0.97,0.25,0.23,0.0,184.59
3,9,398.76,0.97,0.37,0.21,0.0,239.68
6,0,92.01,0.33,0.01,0.42,0.0,55.35
6,1,55.01,0.51,0.11,0.25,0.0,33.22
6,2,38.64,0.0,0.03,0.03,0.0,23.2
6,3,41.44,0.01,0.01,0.03,0.0,24.87
6,4,66.27,0.4,0.57,0.04,100.0,140.06
6,5,125.03,0.93,0.11,0.03,0.0,75.33
6,6,67.72,0.86,0.04,0.03,0.0,40.91
6,7,336.4,0.95,0.27,0.05,0.0,202.21
6,8,359.78,0.94,0.17,0.06,0.0,216.21
6,9,452.25,0.95,0.28,0.07,0.0,271.73
7,0,343.43,0.95,0.05,0.38,0.0,206.4
7,1,306.97,0.96,0.17,0.25,0.0,184.54
7,2,291.45,0.92,0.03,0.04,0.0,175.16
7,3,291.97,0.92,0.06,0.04,0.0,175.48
7,4,190.69,0.87,0.51,0.02,100.0,214.83
7,5,139.29,0.12,0.05,0.0,0.0,83.63
7,6,228.27,0.43,0.1,0.01,0.0,137.12
7,7,573.73,0.36,0.21,0.05,0.0,344.41
7,8,598.52,0.29,0.11,0.06,0.0,359.24
7,9,691.74,0.33,0.22,0.06,0.0,415.22
11,0,177.12,0.96,0.18,0.51,0.0,106.67
11,1,210.62,0.97,0.3,0.17,0.0,126.77
11,2,228.62,0.94,0.16,0.05,0.0,137.51
11,3,221.11,0.94,0.2,0.05,0.0,133.01
11,4,326.79,0.9,0.38,0.07,100.0,296.47
11,5,357.45,0.17,0.08,0.05,0.0,214.55
11,6,268.48,0.58,0.24,0.02,0.0,161.33
11,7,77.03,0.12,0.07,0.0,0.0,46.27
11,8,102.02,0.03,0.02,0.01,0.0,61.23
11,9,195.06,0.09,0.09,0.02,0.0,117.09
12,0,385.49,0.96,0.18,0.52,0.0,231.69
12,1,421.66,0.97,0.3,0.09,0.0,253.38
12,2,439.52,0.94,0.16,0.12,0.0,264.06
12,3,434.07,0.94,0.19,0.13,0.0,260.79
12,4,541.53,0.9,0.38,0.12,100.0,425.32
12,5,576.38,0.15,0.08,0.1,0.0,345.91
12,6,487.37,0.57,0.23,0.05,0.0,292.67
12,7,142.0,0.14,0.08,0.03,0.0,85.27
12,8,117.11,0.05,0.02,0.04,0.0,70.29
12,9,24.08,0.11,0.09,0.02,0.0,14.51
13,0,140.89,0.92,0.02,0.42,0.0,84.86
13,1,109.4,0.95,0.14,0.24,0.0,65.99
13,2,100.41,0.89,0.0,0.04,0.0,60.52
13,3,94.02,0.89,0.04,0.04,0.0,56.69
13,4,77.39,0.81,0.54,0.04,100.0,146.84
13,5,75.01,0.39,0.08,0.01,0.0,45.14
13,6,14.04,0.18,0.08,0.01,0.0,8.5
13,7,359.5,0.55,0.23,0.04,0.0,215.94
13,8,384.29,0.51,0.14,0.05,0.0,230.77
13,9,477.51,0.54,0.25,0.05,0.0,286.75
14,0,246.68,0.96,0.09,0.49,0.0,148.37
14,1,281.89,0.97,0.21,0.18,0.0,169.5
14,2,299.9,0.94,0.07,0.04,0.0,180.24
14,3,293.48,0.93,0.1,0.04,0.0,176.41
14,4,400.35,0.89,0.47,0.05,100.0,340.62
14,5,433.33,0.06,0.01,0.04,0.0,260.02
14,6,344.33,0.53,0.14,0.02,0.0,206.8
14,7,3.16,0.22,0.17,0.01,0.0,2.02
14,8,26.02,0.14,0.07,0.01,0.0,15.68
14,9,119.15,0.2,0.18,0.02,0.0,71.61
0,0,95.19,0.04,0.0,0.03,0.0,57.13
0,1,72.01,0.64,0.59,0.36,100.0,143.61
0,2,33.84,0.73,0.69,0.27,100.0,120.76
0,3,16.76,0.42,0.56,0.06,100.0,110.36
0,4,26.91,0.41,0.59,0.06,100.0,116.45
0,5,407.71,0.9,0.35,0.05,100.0,345.01
0,6,80.96,0.83,0.52,0.04,100.0,148.98
0,7,329.01,0.91,0.33,0.07,100.0,297.79
0,8,362.6,0.9,0.45,0.05,100.0,317.97
0,9,144.27,0.87,0.54,0.02,100.0,186.98
1,0,150.01,0.61,0.56,0.39,100.0,190.4
1,1,16.49,0.1,0.04,0.11,0.0,9.95
1,2,23.19,0.33,0.14,0.49,0.0,14.1
1,3,39.12,0.31,0.0,0.46,0.0,23.61
1,4,36.4,0.32,0.04,0.5,0.0,22.0
1,5,352.49,0.96,0.2,0.48,0.0,211.89
1,6,105.65,0.93,0.04,0.43,0.0,63.72
1,7,274.17,0.96,0.22,0.53,0.0,164.91
1,8,307.42,0.96,0.11,0.5,0.0,184.82
1,9,189.97,0.95,0.02,0.38,0.0,114.31
2,0,110.02,0.43,0.54,0.05,100.0,166.31
2,1,56.57,0.39,0.06,0.45,0.0,34.12
2,2,18.38,0.55,0.16,0.33,0.0,11.27
2,3,1.41,0.02,0.02,0.05,0.0,0.87
2,4,14.87,0.01,0.06,0.02,0.0,8.94
2,5,392.18,0.94,0.18,0.05,0.0,235.65
2,6,83.24,0.9,0.02,0.05,0.0,50.22
2,7,313.5,0.95,0.2,0.05,0.0,188.45
2,8,347.08,0.94,0.09,0.04,0.0,208.56
2,9,155.24,0.92,0.0,0.04,0.0,93.42
3,0,128.0,0.72,0.68,0.31,100.0,177.25
3,1,38.47,0.19,0.08,0.61,0.0,23.23
3,2,5.1,0.07,0.02,0.19,0.0,3.1
3,3,17.03,0.5,0.12,0.21,0.0,10.42
3,4,17.69,0.51,0.08,0.31,0.0,10.82
3,5,374.26,0.97,0.32,0.16,0.0,224.96
3,6,91.68,0.95,0.16,0.21,0.0,55.36
3,7,295.71,0.97,0.34,0.16,0.0,177.84
3,8,329.16,0.97,0.23,0.19,0.0,197.88
3,9,170.49,0.96,0.14,0.25,0.0,102.65
6,0,72.25,0.42,0.57,0.05,100.0,143.65
6,1,94.0,0.4,0.02,0.45,0.0,56.57
6,2,55.01,0.55,0.12,0.33,0.0,33.24
6,3,39.62,0.04,0.02,0.06,0.0,23.8
6,4,43.42,0.03,0.02,0.02,0.0,26.07
6,5,427.37,0.94,0.22,0.05,0.0,256.77
6,6,65.03,0.9,0.05,0.05,0.0,39.31
6,7,348.04,0.95,0.24,0.05,0.0,209.19
6,8,382.25,0.94,0.12,0.03,0.0,229.67
6,9,118.43,0.92,0.04,0.04,0.0,71.35
7,0,185.0,0.88,0.46,0.03,100.0,211.41
7,1,345.25,0.96,0.13,0.37,0.0,207.51
7,2,306.97,0.97,0.23,0.27,0.0,184.57
7,3,292.43,0.93,0.1,0.05,0.0,175.77
7,4,293.95,0.93,0.13,0.06,0.0,176.69
7,5,665.92,0.12,0.11,0.04,0.0,399.62
7,6,245.25,0.33,0.06,0.01,0.0,147.27
7,7,585.72,0.23,0.13,0.06,0.0,351.54
7,8,621.5,0.1,0.01,0.05,0.0,372.94
7,9,148.41,0.14,0.08,0.0,0.0,89.11
11,0,332.58,0.91,0.3,0.09,100.0,299.92
11,1,174.89,0.97,0.29,0.51,0.0,105.36
11,2,210.62,0.98,0.39,0.24,0.0,126.81
11,3,227.69,0.95,0.26,0.07,0.0,136.98
11,4,219.23,0.95,0.29,0.07,0.0,131.92
11,5,169.19,0.17,0.05,0.01,0.0,101.58
11,6,251.51,0.51,0.22,0.03,0.0,151.13
11,7,89.02,0.05,0.03,0.0,0.0,53.44
11,8,125.02,0.18,0.15,0.01,0.0,75.11
11,9,348.37,0.37,0.24,0.05,0.0,209.21
12,0,547.45,0.91,0.29,0.1,100.0,428.84
12,1,383.32,0.97,0.3,0.5,0.0,230.42
12,2,421.66,0.98,0.41,0.21,0.0,253.43
12,3,438.55,0.95,0.27,0.08,0.0,263.5
12,4,432.1,0.95,0.3,0.12,0.0,259.65
12,5,50.25,0.14,0.06,0.02,0.0,30.21
12,6,470.38,0.49,0.23,0.04,0.0,282.45
12,7,130.0,0.02,0.04,0.02,0.0,78.02
12,8,94.13,0.16,0.16,0.03,0.0,56.58
12,9,567.32,0.35,0.25,0.06,0.0,340.58
13,0,80.13,0.76,0.61,0.05,100.0,148.5
13,1,142.21,0.92,0.02,0.44,0.0,85.65
13,2,109.4,0.94,0.08,0.25,0.0,65.97
13,3,101.12,0.87,0.05,0.04,0.0,60.95
13,4,95.6,0.87,0.02,0.06,0.0,57.63
13,5,451.69,0.56,0.26,0.02,0.0,271.26
13,6,31.02,0.25,0.09,0.01,0.0,18.71
13,7,371.49,0.61,0.28,0.03,0.0,223.16
13,8,407.28,0.55,0.16,0.03,0.0,244.58
13,9,66.01,0.42,0.08,0.02,0.0,39.75
14,0,406.21,0.9,0.4,0.09,100.0,344.13
14,1,244.46,0.97,0.19,0.5,0.0,147.07
14,2,281.89,0.98,0.3,0.24,0.0,169.54
14,3,298.94,0.95,0.16,0.07,0.0,179.7
14,4,291.55,0.95,0.19,0.07,0.0,175.28
14,5,93.43,0.08,0.05,0.01,0.0,56.1
14,6,327.34,0.46,0.12,0.04,0.0,196.58
14,7,13.34,0.05,0.07,0.0,0.0,8.04
14,8,49.01,0.1,0.05,0.01,0.0,29.45
14,9,424.27,0.3,0.14,0.06,0.0,254.7
0,0,15.81,0.51,0.6,0.13,100.0,109.84
0,1,101.24,0.0,0.0,0.03,0.0,60.75
0,2,73.98,0.67,0.61,0.1,100.0,144.78
0,3,34.79,0.74,0.7,0.36,100.0,121.34
0,4,29.83,0.47,0.6,0.05,100.0,118.23
0,5,384.95,0.9,0.34,0.06,100.0,331.35
0,6,136.48,0.83,0.62,0.03,100.0,182.33
0,7,78.64,0.86,0.43,0.06,100.0,147.58
0,8,340.52,0.9,0.37,0.09,100.0,304.7
0,9,382.97,0.88,0.52,0.05,100.0,330.21
1,0,40.11,0.29,0.01,0.44,0.0,24.2
1,1,156.0,0.65,0.59,0.41,100.0,194.02
1,2,18.44,0.06,0.02,0.28,0.0,11.11
1,3,22.2,0.24,0.11,0.49,0.0,13.47
1,4,33.84,0.35,0.01,0.41,0.0,20.45
1,5,329.8,0.97,0.25,0.47,0.0,198.29
1,6,181.08,0.94,0.02,0.4,0.0,108.98
1,7,95.52,0.95,0.16,0.45,0.0,57.69
1,8,285.57,0.97,0.22,0.52,0.0,171.75
1,9,327.69,0.96,0.07,0.46,0.0,196.97
2,0,1.0,0.12,0.05,0.13,0.0,0.66
2,1,116.04,0.44,0.56,0.07,100.0,169.93
2,2,58.55,0.41,0.05,0.11,0.0,35.28
2,3,19.31,0.52,0.14,0.26,0.0,11.81
2,4,17.0,0.04,0.05,0.06,0.0,10.23
2,5,369.42,0.94,0.22,0.06,0.0,222.01
2,6,146.99,0.91,0.06,0.04,0.0,88.49
2,7,78.11,0.92,0.13,0.06,0.0,47.18
2,8,325.0,0.95,0.19,0.08,0.0,195.35
2,9,367.45,0.93,0.04,0.06,0.0,220.77
3,0,18.03,0.47,0.09,0.27,0.0,11.01
3,1,134.0,0.74,0.7,0.29,100.0,180.86
3,2,40.45,0.21,0.08,0.3,0.0,24.38
3,3,5.0,0.02,0.0,0.21,0.0,3.03
3,4,16.4,0.51,0.09,0.31,0.0,10.05
3,5,351.53,0.97,0.35,0.26,0.0,211.34
3,6,161.89,0.96,0.08,0.26,0.0,97.47
3,7,83.86,0.96,0.26,0.24,0.0,50.71
3,8,307.18,0.97,0.32,0.26,0.0,184.72
3,9,349.49,0.97,0.17,0.28,0.0,210.07
6,0,38.64,0.14,0.01,0.21,0.0,23.25
6,1,78.16,0.43,0.59,0.07,100.0,147.21
6,2,96.0,0.42,0.02,0.12,0.0,57.74
6,3,56.01,0.53,0.11,0.39,0.0,33.84
6,4,46.53,0.06,0.01,0.07,0.0,27.94
6,5,404.47,0.94,0.25,0.05,0.0,243.04
6,6,110.8,0.9,0.02,0.06,0.0,66.76
6,7,67.27,0.92,0.16,0.07,0.0,40.69
6,8,359.71,0.94,0.22,0.07,0.0,216.18
6,9,402.82,0.93,0.07,0.04,0.0,242.0
7,0,291.45,0.93,0.07,0.12,0.0,175.19
7,1,179.0,0.86,0.54,0.04,100.0,207.83
7,2,347.22,0.95,0.08,0.09,0.0,208.65
7,3,307.95,0.96,0.16,0.29,0.0,185.14
7,4,296.75,0.93,0.07,0.04,0.0,178.35
7,5,642.85,0.28,0.19,0.04,0.0,385.85
7,6,158.46,0.18,0.08,0.01,0.0,95.15
7,7,260.28,0.02,0.1,0.02,0.0,156.21
7,8,597.7,0.29,0.16,0.06,0.0,358.77
7,9,642.49,0.1,0.02,0.04,0.0,385.53
11,0,228.62,0.96,0.27,0.2,0.0,137.56
11,1,338.12,0.91,0.33,0.08,100.0,303.25
11,2,173.12,0.97,0.28,0.17,0.0,104.26
11,3,209.7,0.98,0.37,0.33,0.0,126.25
11,4,216.07,0.95,0.27,0.09,0.0,130.02
11,5,146.12,0.09,0.01,0.01,0.0,87.7
11,6,338.33,0.46,0.28,0.04,0.0,203.23
11,7,236.48,0.35,0.1,0.03,0.0,142.02
11,8,101.02,0.07,0.04,0.0,0.0,60.64
11,9,146.01,0.26,0.19,0.01,0.0,87.74
12,0,439.52,0.95,0.25,0.18,0.0,264.09
12,1,553.21,0.9,0.35,0.07,100.0,432.31
12,2,381.37,0.97,0.26,0.15,0.0,229.2
12,3,420.68,0.97,0.35,0.29,0.0,252.83
12,4,428.97,0.94,0.25,0.08,0.0,257.75
12,5,73.06,0.04,0.01,0.01,0.0,43.85
12,6,557.29,0.38,0.26,0.02,0.0,334.57
12,7,455.36,0.26,0.08,0.02,0.0,273.32
12,8,118.0,0.06,0.02,0.02,0.0,70.83
12,9,73.17,0.15,0.17,0.02,0.0,44.0
13,0,100.41,0.91,0.08,0.12,0.0,60.56
13,1,82.38,0.82,0.52,0.05,100.0,149.83
13,2,144.0,0.94,0.09,0.12,0.0,86.72
13,3,110.21,0.95,0.18,0.28,0.0,66.49
13,4,97.42,0.91,0.08,0.06,0.0,58.75
13,5,428.62,0.44,0.18,0.03,0.0,257.36
13,6,56.04,0.05,0.09,0.01,0.0,33.67
13,7,46.04,0.2,0.09,0.01,0.0,27.71
13,8,383.47,0.45,0.15,0.04,0.0,230.27
13,9,428.26,0.3,0.0,0.03,0.0,257.05
14,0,299.9,0.95,0.15,0.2,0.0,180.29
14,1,411.87,0.89,0.45,0.06,100.0,347.53
14,2,242.57,0.97,0.16,0.15,0.0,145.9
14,3,280.93,0.97,0.25,0.33,0.0,168.96
14,4,288.39,0.94,0.15,0.08,0.0,173.37
14,5,70.35,0.06,0.11,0.0,0.0,42.26
14,6,414.24,0.37,0.16,0.03,0.0,248.71
14,7,312.31,0.25,0.02,0.03,0.0,187.47
14,8,25.18,0.08,0.08,0.01,0.0,15.16
14,9,70.01,0.14,0.07,0.01,0.0,42.07
0,0,106.23,0.02,0.02,0.04,0.0,63.75
0,1,76.12,0.65,0.59,0.07,100.0,146.05
0,2,35.11,0.69,0.67,0.24,100.0,121.5
0,3,18.03,0.58,0.65,0.12,100.0,111.2
0,4,32.2,0.46,0.61,0.11,100.0,119.65
0,5,125.73,0.84,0.6,0.04,100.0,175.88
0,6,79.01,0.86,0.43,0.07,100.0,147.8
0,7,376.19,0.93,0.17,0.06,100.0,326.05
0,8,399.28,0.9,0.43,0.06,100.0,339.97
0,9,350.85,0.88,0.44,0.07,100.0,310.91
1,0,161.0,0.68,0.63,0.11,100.0,197.01
1,1,20.62,0.06,0.02,0.03,0.0,12.39
1,2,22.36,0.05,0.06,0.2,0.0,13.47
1,3,38.05,0.23,0.04,0.16,0.0,22.93
1,4,31.02,0.4,0.0,0.09,0.0,18.74
1,5,168.19,0.95,0.01,0.1,0.0,101.21
1,6,90.43,0.95,0.18,0.14,0.0,54.61
1,7,321.01,0.98,0.44,0.15,0.0,193.05
1,8,343.92,0.97,0.19,0.13,0.0,206.71
1,9,295.99,0.96,0.17,0.16,0.0,177.95
2,0,121.04,0.52,0.62,0.18,100.0,172.98
2,1,60.67,0.29,0.01,0.17,0.0,36.51
2,2,19.7,0.36,0.06,0.2,0.0,11.97
2,3,2.83,0.13,0.05,0.13,0.0,1.76
2,4,18.6,0.1,0.0,0.15,0.0,11.21
2,5,135.35,0.92,0.0,0.13,0.0,81.5
2,6,76.69,0.93,0.17,0.13,0.0,46.36
2,7,360.67,0.97,0.43,0.18,0.0,216.84
2,8,383.76,0.95,0.18,0.2,0.0,230.62
2,9,335.34,0.94,0.17,0.18,0.0,201.55
3,0,139.0,0.74,0.72,0.37,100.0,183.88
3,1,42.58,0.24,0.11,0.34,0.0,25.68
3,2,6.0,0.15,0.03,0.24,0.0,3.68
3,3,16.0,0.38,0.04,0.29,0.0,9.75
3,4,14.76,0.51,0.09,0.3,0.0,9.07
3,5,149.59,0.96,0.1,0.32,0.0,90.1
3,6,80.53,0.96,0.27,0.27,0.0,48.71
3,7,342.76,0.98,0.53,0.32,0.0,206.14
3,8,365.78,0.97,0.27,0.34,0.0,219.87
3,9,317.54,0.97,0.26,0.32,0.0,190.93
6,0,83.15,0.48,0.62,0.07,100.0,150.23
6,1,98.01,0.35,0.01,0.06,0.0,58.92
6,2,56.0,0.42,0.06,0.21,0.0,33.77
6,3,40.45,0.21,0.05,0.12,0.0,24.36
6,4,49.5,0.01,0.0,0.06,0.0,29.71
6,5,100.5,0.92,0.0,0.04,0.0,60.58
6,6,70.52,0.93,0.17,0.07,0.0,42.65
6,7,395.8,0.96,0.43,0.08,0.0,237.91
6,8,419.32,0.95,0.18,0.07,0.0,251.94
6,9,369.87,0.93,0.16,0.08,0.0,222.26
7,0,174.29,0.83,0.63,0.03,100.0,205.02
7,1,349.05,0.94,0.02,0.07,0.0,209.72
7,2,307.77,0.95,0.05,0.18,0.0,184.98
7,3,293.2,0.93,0.04,0.12,0.0,176.22
7,4,299.71,0.91,0.01,0.08,0.0,180.11
7,5,173.57,0.06,0.01,0.01,0.0,104.16
7,6,269.31,0.18,0.18,0.02,0.0,161.7
7,7,634.66,0.57,0.45,0.02,0.0,381.11
7,8,659.44,0.41,0.19,0.03,0.0,395.85
7,9,607.01,0.26,0.18,0.03,0.0,364.34
11,0,342.96,0.9,0.39,0.06,100.0,306.17
11,1,170.88,0.97,0.22,0.12,0.0,102.9
11,2,209.31,0.97,0.3,0.25,0.0,125.99
11,3,226.38,0.96,0.28,0.22,0.0,136.22
11,4,213.25,0.95,0.24,0.16,0.0,128.32
11,5,323.26,0.38,0.23,0.05,0.0,194.14
11,6,227.43,0.29,0.06,0.04,0.0,136.57
11,7,138.01,0.27,0.2,0.01,0.0,82.95
11,8,163.03,0.01,0.05,0.01,0.0,97.84
11,9,110.29,0.21,0.07,0.01,0.0,66.26
12,0,558.14,0.9,0.36,0.04,100.0,435.27
12,1,379.2,0.97,0.25,0.08,0.0,227.89
12,2,420.48,0.97,0.33,0.23,0.0,252.7
12,3,437.36,0.96,0.31,0.19,0.0,262.82
12,4,426.02,0.95,0.27,0.14,0.0,255.99
12,5,542.24,0.37,0.26,0.03,0.0,325.53
12,6,446.32,0.28,0.09,0.03,0.0,267.91
12,7,81.01,0.28,0.17,0.01,0.0,48.74
12,8,56.32,0.01,0.08,0.0,0.0,33.82
12,9,109.11,0.19,0.1,0.01,0.0,65.56
13,0,85.21,0.86,0.45,0.06,100.0,151.52
13,1,145.36,0.95,0.16,0.1,0.0,87.56
13,2,109.62,0.96,0.24,0.19,0.0,66.15
13,3,101.14,0.94,0.22,0.15,0.0,61.05
13,4,99.86,0.92,0.18,0.12,0.0,60.26
13,5,41.19,0.1,0.17,0.02,0.0,24.8
13,6,55.08,0.02,0.0,0.0,0.0,33.06
13,7,420.43,0.49,0.26,0.02,0.0,252.49
13,8,445.22,0.3,0.01,0.03,0.0,267.23
13,9,392.8,0.12,0.01,0.02,0.0,235.72
14,0,416.76,0.87,0.54,0.03,100.0,350.48
14,1,240.35,0.96,0.07,0.07,0.0,144.53
14,2,280.64,0.96,0.15,0.24,0.0,168.74
14,3,297.69,0.95,0.13,0.19,0.0,178.96
14,4,285.49,0.93,0.09,0.13,0.0,171.61
14,5,399.18,0.22,0.08,0.03,0.0,239.6
14,6,303.28,0.11,0.09,0.04,0.0,182.03
14,7,62.07,0.42,0.35,0.01,0.0,37.48
14,8,87.02,0.2,0.1,0.0,0.0,52.3
14,9,35.17,0.0,0.08,0.01,0.0,21.13
0,0,18.97,0.63,0.7,0.07,100.0,111.79
0,1,112.29,0.02,0.02,0.05,0.0,67.39
0,2,77.1,0.67,0.64,0.21,100.0,146.68
0,3,35.11,0.7,0.69,0.11,100.0,121.49
0,4,35.23,0.46,0.63,0.08,100.0,121.47
0,5,414.88,0.91,0.36,0.04,100.0,349.31
0,6,116.67,0.85,0.61,0.04,100.0,170.45
0,7,79.23,0.86,0.46,0.05,100.0,147.94
0,8,395.58,0.93,0.18,0.04,100.0,337.68
0,9,323.19,0.85,0.53,0.08,100.0,294.33
1,0,37.05,0.08,0.09,0.1,0.0,22.29
1,1,167.0,0.67,0.6,0.06,100.0,200.58
1,2,21.59,0.04,0.02,0.16,0.0,12.99
1,3,22.36,0.1,0.07,0.1,0.0,13.48
1,4,28.64,0.37,0.02,0.08,0.0,17.31
1,5,359.48,0.97,0.25,0.08,0.0,216.06
1,6,156.59,0.95,0.0,0.08,0.0,94.25
1,7,86.27,0.95,0.15,0.1,0.0,52.1
1,8,340.31,0.98,0.43,0.1,0.0,204.62
1,9,268.61,0.95,0.08,0.16,0.0,161.49
2,0,3.61,0.11,0.03,0.13,0.0,2.22
2,1,127.06,0.59,0.66,0.15,100.0,176.63
2,2,61.66,0.21,0.04,0.25,0.0,37.1
2,3,19.7,0.27,0.01,0.15,0.0,11.92
2,4,21.26,0.23,0.04,0.11,0.0,12.85
2,5,399.37,0.96,0.31,0.2,0.0,240.02
2,6,125.25,0.94,0.06,0.13,0.0,75.46
2,7,75.54,0.94,0.21,0.14,0.0,45.68
2,8,380.06,0.97,0.49,0.19,0.0,228.49
2,9,307.69,0.94,0.14,0.18,0.0,184.96
3,0,15.0,0.18,0.02,0.29,0.0,9.09
3,1,145.01,0.7,0.67,0.26,100.0,187.45
3,2,43.57,0.07,0.05,0.19,0.0,26.19
3,3,6.0,0.0,0.0,0.09,0.0,3.61
3,4,14.56,0.44,0.06,0.15,0.0,8.9
3,5,381.37,0.97,0.33,0.25,0.0,229.23
3,6,138.68,0.95,0.07,0.17,0.0,83.53
3,7,77.83,0.96,0.22,0.18,0.0,47.07
3,8,362.11,0.98,0.51,0.23,0.0,217.73
3,9,290.0,0.96,0.16,0.22,0.0,174.36
6,0,41.44,0.3,0.08,0.15,0.0,24.99
6,1,89.09,0.48,0.61,0.11,100.0,153.79
6,2,99.01,0.38,0.01,0.21,0.0,59.54
6,3,56.0,0.43,0.06,0.07,0.0,33.75
6,4,52.61,0.01,0.0,0.05,0.0,31.58
6,5,435.05,0.95,0.27,0.14,0.0,261.41
6,6,92.2,0.92,0.01,0.09,0.0,55.61
6,7,73.01,0.93,0.16,0.11,0.0,44.14
6,8,415.38,0.96,0.45,0.13,0.0,249.66
6,9,341.79,0.92,0.1,0.17,0.0,205.4
11,0,225.46,0.95,0.25,0.1,0.0,135.65
11,1,348.52,0.87,0.44,0.08,100.0,309.52
11,2,170.0,0.96,0.18,0.2,0.0,102.36
11,3,209.31,0.96,0.23,0.11,0.0,125.95
11,4,210.09,0.93,0.17,0.08,0.0,126.39
11,5,179.03,0.32,0.1,0.02,0.0,107.54
11,6,309.2,0.17,0.16,0.03,0.0,185.62
11,7,220.45,0.1,0.01,0.02,0.0,132.3
11,8,158.01,0.43,0.28,0.01,0.0,95.02
11,9,81.39,0.14,0.07,0.02,0.0,48.9
12,0,436.38,0.96,0.26,0.08,0.0,262.2
12,1,563.91,0.9,0.43,0.05,100.0,438.75
12,2,378.22,0.97,0.19,0.22,0.0,227.3
12,3,420.48,0.97,0.24,0.11,0.0,252.66
12,4,422.89,0.95,0.19,0.08,0.0,254.08
12,5,40.45,0.15,0.08,0.0,0.0,24.34
12,6,528.19,0.33,0.17,0.03,0.0,317.07
12,7,439.33,0.28,0.02,0.03,0.0,263.69
12,8,61.01,0.29,0.26,0.01,0.0,36.77
12,9,138.09,0.31,0.09,0.05,0.0,82.98
13,0,101.86,0.95,0.25,0.09,0.0,61.49
13,1,88.09,0.86,0.43,0.08,100.0,153.25
13,2,146.26,0.95,0.19,0.19,0.0,88.12
13,3,109.62,0.96,0.24,0.09,0.0,66.14
13,4,101.79,0.92,0.18,0.05,0.0,61.41
13,5,461.21,0.39,0.09,0.04,0.0,276.88
13,6,27.66,0.07,0.16,0.01,0.0,16.67
13,7,62.07,0.0,0.01,0.0,0.0,37.25
13,8,440.41,0.49,0.27,0.03,0.0,264.48
13,9,363.86,0.04,0.08,0.03,0.0,218.35
14,0,296.74,0.97,0.52,0.09,0.0,178.5
14,1,422.44,0.93,0.17,0.07,100.0,353.8
14,2,239.41,0.98,0.45,0.2,0.0,144.09
14,3,280.64,0.98,0.5,0.11,0.0,168.84
14,4,282.33,0.96,0.44,0.08,0.0,169.83
14,5,103.02,0.15,0.17,0.01,0.0,61.91
14,6,385.13,0.52,0.43,0.02,0.0,231.36
14,7,296.29,0.48,0.27,0.02,0.0,178.0
14,8,82.05,0.01,0.01,0.0,0.0,49.24
14,9,10.3,0.5,0.34,0.02,0.0,6.43
15,0,136.75,0.94,0.08,0.06,0.0,82.36
15,1,73.55,0.84,0.6,0.04,100.0,144.56
15,2,185.52,0.95,0.02,0.18,0.0,111.62
15,3,146.71,0.95,0.07,0.07,0.0,88.34
15,4,139.56,0.91,0.01,0.04,0.0,84.01
15,5,502.1,0.46,0.26,0.04,0.0,301.48
15,6,14.14,0.05,0.01,0.01,0.0,8.5
15,7,103.0,0.12,0.16,0.02,0.0,61.89
15,8,481.23,0.55,0.44,0.03,0.0,289.04
15,9,404.55,0.09,0.09,0.05,0.0,242.79
0,0,17.09,0.61,0.67,0.09,100.0,110.65
0,1,120.27,0.0,0.0,0.02,0.0,72.16
0,2,79.25,0.65,0.61,0.16,100.0,147.94
0,3,38.9,0.57,0.57,0.05,100.0,123.69
0,4,38.28,0.42,0.59,0.04,100.0,123.27
0,5,415.99,0.93,0.14,0.07,100.0,349.92
0,6,111.2,0.84,0.61,0.06,100.0,167.16
0,7,83.82,0.83,0.53,0.07,100.0,150.71
0,8,310.54,0.86,0.49,0.12,100.0,286.74
0,9,436.38,0.91,0.39,0.05,100.0,362.22
1,0,39.05,0.18,0.06,0.21,0.0,23.52
1,1,175.0,0.68,0.62,0.24,100.0,205.41
1,2,23.77,0.07,0.01,0.17,0.0,14.3
1,3,18.44,0.25,0.05,0.18,0.0,11.17
1,4,26.42,0.44,0.03,0.2,0.0,16.02
1,5,360.65,0.98,0.48,0.19,0.0,216.85
1,6,149.22,0.95,0.01,0.18,0.0,89.84
1,7,78.0,0.95,0.09,0.19,0.0,47.13
1,8,256.1,0.96,0.13,0.2,0.0,154.0
1,9,380.93,0.97,0.23,0.23,0.0,228.94
2,0,2.24,0.07,0.01,0.08,0.0,1.38
2,1,135.06,0.64,0.69,0.05,100.0,181.44
2,2,63.79,0.05,0.08,0.19,0.0,38.33
2,3,23.41,0.15,0.11,0.05,0.0,14.13
2,4,24.04,0.37,0.1,0.06,0.0,14.57
2,5,400.48,0.97,0.54,0.09,0.0,240.75
2,6,119.0,0.94,0.08,0.08,0.0,71.72
2,7,76.66,0.94,0.15,0.08,0.0,46.33
2,8,295.05,0.95,0.2,0.14,0.0,177.39
2,9,420.88,0.97,0.3,0.09,0.0,252.92
3,0,17.0,0.24,0.0,0.13,0.0,10.29
3,1,153.01,0.7,0.67,0.1,100.0,192.23
3,2,45.71,0.14,0.06,0.1,0.0,27.49
3,3,7.21,0.3,0.1,0.07,0.0,4.45
3,4,15.03,0.48,0.08,0.1,0.0,9.2
3,5,382.5,0.98,0.53,0.12,0.0,229.96
3,6,131.83,0.95,0.06,0.09,0.0,79.41
3,7,74.43,0.95,0.14,0.09,0.0,44.99
3,8,277.41,0.96,0.18,0.12,0.0,166.8
3,9,402.85,0.97,0.28,0.14,0.0,242.1
6,0,39.46,0.26,0.06,0.08,0.0,23.78
6,1,97.08,0.47,0.61,0.07,100.0,158.58
6,2,101.02,0.35,0.01,0.11,0.0,60.73
6,3,60.0,0.2,0.04,0.04,0.0,36.08
6,4,55.73,0.08,0.03,0.06,0.0,33.48
6,5,435.97,0.96,0.47,0.08,0.0,262.02
6,6,87.42,0.92,0.01,0.05,0.0,52.73
6,7,83.23,0.91,0.08,0.06,0.0,50.24
6,8,328.99,0.93,0.13,0.09,0.0,197.72
6,9,456.71,0.95,0.23,0.1,0.0,274.39
11,0,227.31,0.94,0.16,0.06,0.0,136.72
11,1,356.29,0.85,0.51,0.12,100.0,314.19
11,2,167.76,0.95,0.1,0.22,0.0,100.99
11,3,205.63,0.94,0.06,0.09,0.0,123.68
11,4,206.93,0.91,0.07,0.09,0.0,124.46
11,5,179.01,0.52,0.37,0.03,0.0,107.68
11,6,300.17,0.05,0.1,0.02,0.0,180.15
11,7,201.42,0.12,0.02,0.03,0.0,120.9
11,8,68.36,0.07,0.02,0.01,0.0,41.04
11,9,201.02,0.37,0.13,0.07,0.0,120.77
12,0,438.34,0.97,0.33,0.07,0.0,263.4
12,1,571.81,0.91,0.34,0.06,100.0,443.47
12,2,376.05,0.97,0.26,0.18,0.0,226.02
12,3,416.56,0.96,0.23,0.07,0.0,250.3
12,4,419.75,0.95,0.24,0.05,0.0,252.22
12,5,40.01,0.18,0.2,0.01,0.0,24.12
12,6,519.16,0.44,0.26,0.03,0.0,311.71
12,7,420.3,0.48,0.19,0.03,0.0,252.39
12,8,151.05,0.37,0.14,0.05,0.0,90.79
12,9,18.97,0.07,0.04,0.01,0.0,11.42
13,0,100.42,0.94,0.23,0.04,0.0,60.61
13,1,93.38,0.86,0.45,0.07,100.0,156.43
13,2,147.65,0.95,0.16,0.16,0.0,88.94
13,3,112.89,0.94,0.13,0.04,0.0,68.06
13,4,103.77,0.92,0.14,0.04,0.0,62.59
13,5,461.39,0.5,0.3,0.02,0.0,277.08
13,6,19.31,0.09,0.16,0.01,0.0,11.66
13,7,81.1,0.16,0.09,0.0,0.0,48.73
13,8,350.82,0.03,0.04,0.02,0.0,210.52
13,9,483.2,0.34,0.06,0.04,0.0,290.05
14,0,298.65,0.97,0.51,0.06,0.0,179.64
14,1,430.28,0.93,0.16,0.07,100.0,358.5
14,2,237.19,0.97,0.45,0.18,0.0,142.76
14,3,276.81,0.97,0.41,0.07,0.0,166.51
14,4,279.18,0.96,0.42,0.06,0.0,167.93
14,5,103.04,0.02,0.02,0.01,0.0,61.84
14,6,376.11,0.53,0.45,0.02,0.0,225.96
14,7,277.26,0.57,0.37,0.02,0.0,166.64
14,8,11.31,0.47,0.33,0.03,0.0,7.03
14,9,125.02,0.22,0.22,0.01,0.0,75.15
15,0,135.07,0.94,0.08,0.04,0.0,81.35
15,1,75.58,0.85,0.6,0.04,100.0,145.79
15,2,187.03,0.95,0.01,0.14,0.0,112.52
15,3,150.27,0.93,0.02,0.03,0.0,90.45
15,4,141.85,0.91,0.01,0.03,0.0,85.39
15,5,502.22,0.53,0.45,0.03,0.0,301.63
15,6,23.19,0.01,0.01,0.01,0.0,13.93
15,7,122.0,0.09,0.06,0.01,0.0,73.25
15,8,391.51,0.1,0.11,0.03,0.0,234.97
15,9,524.1,0.39,0.21,0.04,0.0,314.64
